site_id,label,value_multiplier,capex_reduction_pct,debt_share,debt_interest_rate,debt_tenor_years,adjusted_capex_usd,adjusted_annual_debt_service_usd,adjusted_p50_value_usd,adjusted_p10_value_usd,p50_dscr,p10_dscr,p50_payback_years,launch_ready,intervention_score
rooftop_home_10kw,10 kW solar home,1,0,0.7,0.08,10,31500,3286.1,1067.84,880.27,0.325,0.2679,29.5,false,0
rooftop_home_10kw,10 kW solar home,1,0,0.7,0.06,10,31500,2995.89,1067.84,880.27,0.3564,0.2938,29.5,false,0.1
rooftop_home_10kw,10 kW solar home,1,0,0.7,0.04,10,31500,2718.57,1067.84,880.27,0.3928,0.3238,29.5,false,0.2
rooftop_home_10kw,10 kW solar home,1,0,0.5,0.08,10,31500,2347.21,1067.84,880.27,0.4549,0.375,29.5,false,0.15
rooftop_home_10kw,10 kW solar home,1,0,0.5,0.06,10,31500,2139.92,1067.84,880.27,0.499,0.4114,29.5,false,0.25
rooftop_home_10kw,10 kW solar home,1,0,0.5,0.04,10,31500,1941.83,1067.84,880.27,0.5499,0.4533,29.5,false,0.35
rooftop_home_10kw,10 kW solar home,1,0,0.3,0.08,10,31500,1408.33,1067.84,880.27,0.7582,0.625,29.5,false,0.3
rooftop_home_10kw,10 kW solar home,1,0,0.3,0.06,10,31500,1283.95,1067.84,880.27,0.8317,0.6856,29.5,false,0.4
rooftop_home_10kw,10 kW solar home,1,0,0.3,0.04,10,31500,1165.1,1067.84,880.27,0.9165,0.7555,29.5,false,0.5
rooftop_home_10kw,10 kW solar home,1,15,0.7,0.08,10,26775,2793.19,1067.84,880.27,0.3823,0.3151,25.07,false,0.3
rooftop_home_10kw,10 kW solar home,1,15,0.7,0.06,10,26775,2546.51,1067.84,880.27,0.4193,0.3457,25.07,false,0.4
rooftop_home_10kw,10 kW solar home,1,15,0.7,0.04,10,26775,2310.78,1067.84,880.27,0.4621,0.3809,25.07,false,0.5
rooftop_home_10kw,10 kW solar home,1,15,0.5,0.08,10,26775,1995.13,1067.84,880.27,0.5352,0.4412,25.07,false,0.45
rooftop_home_10kw,10 kW solar home,1,15,0.5,0.06,10,26775,1818.93,1067.84,880.27,0.5871,0.4839,25.07,false,0.55
rooftop_home_10kw,10 kW solar home,1,15,0.5,0.04,10,26775,1650.56,1067.84,880.27,0.647,0.5333,25.07,false,0.65
rooftop_home_10kw,10 kW solar home,1,15,0.3,0.08,10,26775,1197.08,1067.84,880.27,0.892,0.7353,25.07,false,0.6
rooftop_home_10kw,10 kW solar home,1,15,0.3,0.06,10,26775,1091.36,1067.84,880.27,0.9784,0.8066,25.07,false,0.7
rooftop_home_10kw,10 kW solar home,1,15,0.3,0.04,10,26775,990.33,1067.84,880.27,1.0783,0.8889,25.07,false,0.8
rooftop_home_10kw,10 kW solar home,1,30,0.7,0.08,10,22050,2300.27,1067.84,880.27,0.4642,0.3827,20.65,false,0.6
rooftop_home_10kw,10 kW solar home,1,30,0.7,0.06,10,22050,2097.12,1067.84,880.27,0.5092,0.4197,20.65,false,0.7
rooftop_home_10kw,10 kW solar home,1,30,0.7,0.04,10,22050,1903,1067.84,880.27,0.5611,0.4626,20.65,false,0.8
rooftop_home_10kw,10 kW solar home,1,30,0.5,0.08,10,22050,1643.05,1067.84,880.27,0.6499,0.5358,20.65,false,0.75
rooftop_home_10kw,10 kW solar home,1,30,0.5,0.06,10,22050,1497.94,1067.84,880.27,0.7129,0.5876,20.65,false,0.85
rooftop_home_10kw,10 kW solar home,1,30,0.5,0.04,10,22050,1359.28,1067.84,880.27,0.7856,0.6476,20.65,false,0.95
rooftop_home_10kw,10 kW solar home,1,30,0.3,0.08,10,22050,985.83,1067.84,880.27,1.0832,0.8929,20.65,false,0.9
rooftop_home_10kw,10 kW solar home,1,30,0.3,0.06,10,22050,898.77,1067.84,880.27,1.1881,0.9794,20.65,false,1
rooftop_home_10kw,10 kW solar home,1,30,0.3,0.04,10,22050,815.57,1067.84,880.27,1.3093,1.0793,20.65,false,1.1
rooftop_home_10kw,10 kW solar home,1,45,0.7,0.08,10,17325,1807.36,1067.84,880.27,0.5908,0.487,16.22,false,0.9
rooftop_home_10kw,10 kW solar home,1,45,0.7,0.06,10,17325,1647.74,1067.84,880.27,0.6481,0.5342,16.22,false,1
rooftop_home_10kw,10 kW solar home,1,45,0.7,0.04,10,17325,1495.21,1067.84,880.27,0.7142,0.5887,16.22,false,1.1
rooftop_home_10kw,10 kW solar home,1,45,0.5,0.08,10,17325,1290.97,1067.84,880.27,0.8272,0.6819,16.22,false,1.05
rooftop_home_10kw,10 kW solar home,1,45,0.5,0.06,10,17325,1176.96,1067.84,880.27,0.9073,0.7479,16.22,false,1.15
rooftop_home_10kw,10 kW solar home,1,45,0.5,0.04,10,17325,1068.01,1067.84,880.27,0.9998,0.8242,16.22,false,1.25
rooftop_home_10kw,10 kW solar home,1,45,0.3,0.08,10,17325,774.58,1067.84,880.27,1.3786,1.1364,16.22,false,1.2
rooftop_home_10kw,10 kW solar home,1,45,0.3,0.06,10,17325,706.17,1067.84,880.27,1.5121,1.2465,16.22,false,1.3
rooftop_home_10kw,10 kW solar home,1,45,0.3,0.04,10,17325,640.8,1067.84,880.27,1.6664,1.3737,16.22,false,1.4
rooftop_home_10kw,10 kW solar home,1,60,0.7,0.08,10,12600,1314.44,1067.84,880.27,0.8124,0.6697,11.8,false,1.2
rooftop_home_10kw,10 kW solar home,1,60,0.7,0.06,10,12600,1198.36,1067.84,880.27,0.8911,0.7346,11.8,false,1.3
rooftop_home_10kw,10 kW solar home,1,60,0.7,0.04,10,12600,1087.43,1067.84,880.27,0.982,0.8095,11.8,false,1.4
rooftop_home_10kw,10 kW solar home,1,60,0.5,0.08,10,12600,938.89,1067.84,880.27,1.1373,0.9376,11.8,false,1.35
rooftop_home_10kw,10 kW solar home,1,60,0.5,0.06,10,12600,855.97,1067.84,880.27,1.2475,1.0284,11.8,true,1.45
rooftop_home_10kw,10 kW solar home,1,60,0.5,0.04,10,12600,776.73,1067.84,880.27,1.3748,1.1333,11.8,true,1.55
rooftop_home_10kw,10 kW solar home,1,60,0.3,0.08,10,12600,563.33,1067.84,880.27,1.8956,1.5626,11.8,true,1.5
rooftop_home_10kw,10 kW solar home,1,60,0.3,0.06,10,12600,513.58,1067.84,880.27,2.0792,1.714,11.8,true,1.6
rooftop_home_10kw,10 kW solar home,1,60,0.3,0.04,10,12600,466.04,1067.84,880.27,2.2913,1.8888,11.8,true,1.7
rooftop_home_10kw,10 kW solar home,1.5,0,0.7,0.08,10,31500,3286.1,1601.76,1320.4,0.4874,0.4018,19.67,false,0.5
rooftop_home_10kw,10 kW solar home,1.5,0,0.7,0.06,10,31500,2995.89,1601.76,1320.4,0.5347,0.4407,19.67,false,0.6
rooftop_home_10kw,10 kW solar home,1.5,0,0.7,0.04,10,31500,2718.57,1601.76,1320.4,0.5892,0.4857,19.67,false,0.7
rooftop_home_10kw,10 kW solar home,1.5,0,0.5,0.08,10,31500,2347.21,1601.76,1320.4,0.6824,0.5625,19.67,false,0.65
rooftop_home_10kw,10 kW solar home,1.5,0,0.5,0.06,10,31500,2139.92,1601.76,1320.4,0.7485,0.617,19.67,false,0.75
rooftop_home_10kw,10 kW solar home,1.5,0,0.5,0.04,10,31500,1941.83,1601.76,1320.4,0.8249,0.68,19.67,false,0.85
rooftop_home_10kw,10 kW solar home,1.5,0,0.3,0.08,10,31500,1408.33,1601.76,1320.4,1.1373,0.9376,19.67,false,0.8
rooftop_home_10kw,10 kW solar home,1.5,0,0.3,0.06,10,31500,1283.95,1601.76,1320.4,1.2475,1.0284,19.67,false,0.9
rooftop_home_10kw,10 kW solar home,1.5,0,0.3,0.04,10,31500,1165.1,1601.76,1320.4,1.3748,1.1333,19.67,false,1
rooftop_home_10kw,10 kW solar home,1.5,15,0.7,0.08,10,26775,2793.19,1601.76,1320.4,0.5735,0.4727,16.72,false,0.8
rooftop_home_10kw,10 kW solar home,1.5,15,0.7,0.06,10,26775,2546.51,1601.76,1320.4,0.629,0.5185,16.72,false,0.9
rooftop_home_10kw,10 kW solar home,1.5,15,0.7,0.04,10,26775,2310.78,1601.76,1320.4,0.6932,0.5714,16.72,false,1
rooftop_home_10kw,10 kW solar home,1.5,15,0.5,0.08,10,26775,1995.13,1601.76,1320.4,0.8028,0.6618,16.72,false,0.95
rooftop_home_10kw,10 kW solar home,1.5,15,0.5,0.06,10,26775,1818.93,1601.76,1320.4,0.8806,0.7259,16.72,false,1.05
rooftop_home_10kw,10 kW solar home,1.5,15,0.5,0.04,10,26775,1650.56,1601.76,1320.4,0.9704,0.8,16.72,false,1.15
rooftop_home_10kw,10 kW solar home,1.5,15,0.3,0.08,10,26775,1197.08,1601.76,1320.4,1.3381,1.103,16.72,false,1.1
rooftop_home_10kw,10 kW solar home,1.5,15,0.3,0.06,10,26775,1091.36,1601.76,1320.4,1.4677,1.2099,16.72,false,1.2
rooftop_home_10kw,10 kW solar home,1.5,15,0.3,0.04,10,26775,990.33,1601.76,1320.4,1.6174,1.3333,16.72,false,1.3
rooftop_home_10kw,10 kW solar home,1.5,30,0.7,0.08,10,22050,2300.27,1601.76,1320.4,0.6963,0.574,13.77,false,1.1
rooftop_home_10kw,10 kW solar home,1.5,30,0.7,0.06,10,22050,2097.12,1601.76,1320.4,0.7638,0.6296,13.77,false,1.2
rooftop_home_10kw,10 kW solar home,1.5,30,0.7,0.04,10,22050,1903,1601.76,1320.4,0.8417,0.6939,13.77,false,1.3
rooftop_home_10kw,10 kW solar home,1.5,30,0.5,0.08,10,22050,1643.05,1601.76,1320.4,0.9749,0.8036,13.77,false,1.25
rooftop_home_10kw,10 kW solar home,1.5,30,0.5,0.06,10,22050,1497.94,1601.76,1320.4,1.0693,0.8815,13.77,false,1.35
rooftop_home_10kw,10 kW solar home,1.5,30,0.5,0.04,10,22050,1359.28,1601.76,1320.4,1.1784,0.9714,13.77,false,1.45
rooftop_home_10kw,10 kW solar home,1.5,30,0.3,0.08,10,22050,985.83,1601.76,1320.4,1.6248,1.3394,13.77,true,1.4
rooftop_home_10kw,10 kW solar home,1.5,30,0.3,0.06,10,22050,898.77,1601.76,1320.4,1.7822,1.4691,13.77,true,1.5
rooftop_home_10kw,10 kW solar home,1.5,30,0.3,0.04,10,22050,815.57,1601.76,1320.4,1.964,1.619,13.77,true,1.6
rooftop_home_10kw,10 kW solar home,1.5,45,0.7,0.08,10,17325,1807.36,1601.76,1320.4,0.8862,0.7306,10.82,false,1.4
rooftop_home_10kw,10 kW solar home,1.5,45,0.7,0.06,10,17325,1647.74,1601.76,1320.4,0.9721,0.8013,10.82,false,1.5
rooftop_home_10kw,10 kW solar home,1.5,45,0.7,0.04,10,17325,1495.21,1601.76,1320.4,1.0713,0.8831,10.82,false,1.6
rooftop_home_10kw,10 kW solar home,1.5,45,0.5,0.08,10,17325,1290.97,1601.76,1320.4,1.2407,1.0228,10.82,true,1.55
rooftop_home_10kw,10 kW solar home,1.5,45,0.5,0.06,10,17325,1176.96,1601.76,1320.4,1.3609,1.1219,10.82,true,1.65
rooftop_home_10kw,10 kW solar home,1.5,45,0.5,0.04,10,17325,1068.01,1601.76,1320.4,1.4998,1.2363,10.82,true,1.75
rooftop_home_10kw,10 kW solar home,1.5,45,0.3,0.08,10,17325,774.58,1601.76,1320.4,2.0679,1.7047,10.82,true,1.7
rooftop_home_10kw,10 kW solar home,1.5,45,0.3,0.06,10,17325,706.17,1601.76,1320.4,2.2682,1.8698,10.82,true,1.8
rooftop_home_10kw,10 kW solar home,1.5,45,0.3,0.04,10,17325,640.8,1601.76,1320.4,2.4996,2.0605,10.82,true,1.9
rooftop_home_10kw,10 kW solar home,1.5,60,0.7,0.08,10,12600,1314.44,1601.76,1320.4,1.2186,1.0045,7.87,true,1.7
rooftop_home_10kw,10 kW solar home,1.5,60,0.7,0.06,10,12600,1198.36,1601.76,1320.4,1.3366,1.1018,7.87,true,1.8
rooftop_home_10kw,10 kW solar home,1.5,60,0.7,0.04,10,12600,1087.43,1601.76,1320.4,1.473,1.2142,7.87,true,1.9
rooftop_home_10kw,10 kW solar home,1.5,60,0.5,0.08,10,12600,938.89,1601.76,1320.4,1.706,1.4063,7.87,true,1.85
rooftop_home_10kw,10 kW solar home,1.5,60,0.5,0.06,10,12600,855.97,1601.76,1320.4,1.8713,1.5426,7.87,true,1.95
rooftop_home_10kw,10 kW solar home,1.5,60,0.5,0.04,10,12600,776.73,1601.76,1320.4,2.0622,1.6999,7.87,true,2.05
rooftop_home_10kw,10 kW solar home,1.5,60,0.3,0.08,10,12600,563.33,1601.76,1320.4,2.8434,2.3439,7.87,true,2
rooftop_home_10kw,10 kW solar home,1.5,60,0.3,0.06,10,12600,513.58,1601.76,1320.4,3.1188,2.571,7.87,true,2.1
rooftop_home_10kw,10 kW solar home,1.5,60,0.3,0.04,10,12600,466.04,1601.76,1320.4,3.437,2.8332,7.87,true,2.2
rooftop_home_10kw,10 kW solar home,2,0,0.7,0.08,10,31500,3286.1,2135.68,1760.53,0.6499,0.5358,14.75,false,1
rooftop_home_10kw,10 kW solar home,2,0,0.7,0.06,10,31500,2995.89,2135.68,1760.53,0.7129,0.5876,14.75,false,1.1
rooftop_home_10kw,10 kW solar home,2,0,0.7,0.04,10,31500,2718.57,2135.68,1760.53,0.7856,0.6476,14.75,false,1.2
rooftop_home_10kw,10 kW solar home,2,0,0.5,0.08,10,31500,2347.21,2135.68,1760.53,0.9099,0.7501,14.75,false,1.15
rooftop_home_10kw,10 kW solar home,2,0,0.5,0.06,10,31500,2139.92,2135.68,1760.53,0.998,0.8227,14.75,false,1.25
rooftop_home_10kw,10 kW solar home,2,0,0.5,0.04,10,31500,1941.83,2135.68,1760.53,1.0998,0.9066,14.75,false,1.35
rooftop_home_10kw,10 kW solar home,2,0,0.3,0.08,10,31500,1408.33,2135.68,1760.53,1.5165,1.2501,14.75,true,1.3
rooftop_home_10kw,10 kW solar home,2,0,0.3,0.06,10,31500,1283.95,2135.68,1760.53,1.6634,1.3712,14.75,true,1.4
rooftop_home_10kw,10 kW solar home,2,0,0.3,0.04,10,31500,1165.1,2135.68,1760.53,1.833,1.5111,14.75,true,1.5
rooftop_home_10kw,10 kW solar home,2,15,0.7,0.08,10,26775,2793.19,2135.68,1760.53,0.7646,0.6303,12.54,false,1.3
rooftop_home_10kw,10 kW solar home,2,15,0.7,0.06,10,26775,2546.51,2135.68,1760.53,0.8387,0.6914,12.54,false,1.4
rooftop_home_10kw,10 kW solar home,2,15,0.7,0.04,10,26775,2310.78,2135.68,1760.53,0.9242,0.7619,12.54,false,1.5
rooftop_home_10kw,10 kW solar home,2,15,0.5,0.08,10,26775,1995.13,2135.68,1760.53,1.0704,0.8824,12.54,false,1.45
rooftop_home_10kw,10 kW solar home,2,15,0.5,0.06,10,26775,1818.93,2135.68,1760.53,1.1741,0.9679,12.54,false,1.55
rooftop_home_10kw,10 kW solar home,2,15,0.5,0.04,10,26775,1650.56,2135.68,1760.53,1.2939,1.0666,12.54,true,1.65
rooftop_home_10kw,10 kW solar home,2,15,0.3,0.08,10,26775,1197.08,2135.68,1760.53,1.7841,1.4707,12.54,true,1.6
rooftop_home_10kw,10 kW solar home,2,15,0.3,0.06,10,26775,1091.36,2135.68,1760.53,1.9569,1.6132,12.54,true,1.7
rooftop_home_10kw,10 kW solar home,2,15,0.3,0.04,10,26775,990.33,2135.68,1760.53,2.1565,1.7777,12.54,true,1.8
rooftop_home_10kw,10 kW solar home,2,30,0.7,0.08,10,22050,2300.27,2135.68,1760.53,0.9284,0.7654,10.32,false,1.6
rooftop_home_10kw,10 kW solar home,2,30,0.7,0.06,10,22050,2097.12,2135.68,1760.53,1.0184,0.8395,10.32,false,1.7
rooftop_home_10kw,10 kW solar home,2,30,0.7,0.04,10,22050,1903,2135.68,1760.53,1.1223,0.9251,10.32,false,1.8
rooftop_home_10kw,10 kW solar home,2,30,0.5,0.08,10,22050,1643.05,2135.68,1760.53,1.2998,1.0715,10.32,true,1.75
rooftop_home_10kw,10 kW solar home,2,30,0.5,0.06,10,22050,1497.94,2135.68,1760.53,1.4257,1.1753,10.32,true,1.85
rooftop_home_10kw,10 kW solar home,2,30,0.5,0.04,10,22050,1359.28,2135.68,1760.53,1.5712,1.2952,10.32,true,1.95
rooftop_home_10kw,10 kW solar home,2,30,0.3,0.08,10,22050,985.83,2135.68,1760.53,2.1664,1.7858,10.32,true,1.9
rooftop_home_10kw,10 kW solar home,2,30,0.3,0.06,10,22050,898.77,2135.68,1760.53,2.3762,1.9588,10.32,true,2
rooftop_home_10kw,10 kW solar home,2,30,0.3,0.04,10,22050,815.57,2135.68,1760.53,2.6186,2.1587,10.32,true,2.1
rooftop_home_10kw,10 kW solar home,2,45,0.7,0.08,10,17325,1807.36,2135.68,1760.53,1.1817,0.9741,8.11,false,1.9
rooftop_home_10kw,10 kW solar home,2,45,0.7,0.06,10,17325,1647.74,2135.68,1760.53,1.2961,1.0685,8.11,true,2
rooftop_home_10kw,10 kW solar home,2,45,0.7,0.04,10,17325,1495.21,2135.68,1760.53,1.4283,1.1774,8.11,true,2.1
rooftop_home_10kw,10 kW solar home,2,45,0.5,0.08,10,17325,1290.97,2135.68,1760.53,1.6543,1.3637,8.11,true,2.05
rooftop_home_10kw,10 kW solar home,2,45,0.5,0.06,10,17325,1176.96,2135.68,1760.53,1.8146,1.4958,8.11,true,2.15
rooftop_home_10kw,10 kW solar home,2,45,0.5,0.04,10,17325,1068.01,2135.68,1760.53,1.9997,1.6484,8.11,true,2.25
rooftop_home_10kw,10 kW solar home,2,45,0.3,0.08,10,17325,774.58,2135.68,1760.53,2.7572,2.2729,8.11,true,2.2
rooftop_home_10kw,10 kW solar home,2,45,0.3,0.06,10,17325,706.17,2135.68,1760.53,3.0243,2.4931,8.11,true,2.3
rooftop_home_10kw,10 kW solar home,2,45,0.3,0.04,10,17325,640.8,2135.68,1760.53,3.3328,2.7474,8.11,true,2.4
rooftop_home_10kw,10 kW solar home,2,60,0.7,0.08,10,12600,1314.44,2135.68,1760.53,1.6248,1.3394,5.9,true,2.2
rooftop_home_10kw,10 kW solar home,2,60,0.7,0.06,10,12600,1198.36,2135.68,1760.53,1.7822,1.4691,5.9,true,2.3
rooftop_home_10kw,10 kW solar home,2,60,0.7,0.04,10,12600,1087.43,2135.68,1760.53,1.964,1.619,5.9,true,2.4
rooftop_home_10kw,10 kW solar home,2,60,0.5,0.08,10,12600,938.89,2135.68,1760.53,2.2747,1.8751,5.9,true,2.35
rooftop_home_10kw,10 kW solar home,2,60,0.5,0.06,10,12600,855.97,2135.68,1760.53,2.495,2.0568,5.9,true,2.45
rooftop_home_10kw,10 kW solar home,2,60,0.5,0.04,10,12600,776.73,2135.68,1760.53,2.7496,2.2666,5.9,true,2.55
rooftop_home_10kw,10 kW solar home,2,60,0.3,0.08,10,12600,563.33,2135.68,1760.53,3.7912,3.1252,5.9,true,2.5
rooftop_home_10kw,10 kW solar home,2,60,0.3,0.06,10,12600,513.58,2135.68,1760.53,4.1584,3.428,5.9,true,2.6
rooftop_home_10kw,10 kW solar home,2,60,0.3,0.04,10,12600,466.04,2135.68,1760.53,4.5826,3.7776,5.9,true,2.7
rooftop_home_10kw,10 kW solar home,2.5,0,0.7,0.08,10,31500,3286.1,2669.6,2200.66,0.8124,0.6697,11.8,false,1.5
rooftop_home_10kw,10 kW solar home,2.5,0,0.7,0.06,10,31500,2995.89,2669.6,2200.66,0.8911,0.7346,11.8,false,1.6
rooftop_home_10kw,10 kW solar home,2.5,0,0.7,0.04,10,31500,2718.57,2669.6,2200.66,0.982,0.8095,11.8,false,1.7
rooftop_home_10kw,10 kW solar home,2.5,0,0.5,0.08,10,31500,2347.21,2669.6,2200.66,1.1373,0.9376,11.8,false,1.65
rooftop_home_10kw,10 kW solar home,2.5,0,0.5,0.06,10,31500,2139.92,2669.6,2200.66,1.2475,1.0284,11.8,true,1.75
rooftop_home_10kw,10 kW solar home,2.5,0,0.5,0.04,10,31500,1941.83,2669.6,2200.66,1.3748,1.1333,11.8,true,1.85
rooftop_home_10kw,10 kW solar home,2.5,0,0.3,0.08,10,31500,1408.33,2669.6,2200.66,1.8956,1.5626,11.8,true,1.8
rooftop_home_10kw,10 kW solar home,2.5,0,0.3,0.06,10,31500,1283.95,2669.6,2200.66,2.0792,1.714,11.8,true,1.9
rooftop_home_10kw,10 kW solar home,2.5,0,0.3,0.04,10,31500,1165.1,2669.6,2200.66,2.2913,1.8888,11.8,true,2
rooftop_home_10kw,10 kW solar home,2.5,15,0.7,0.08,10,26775,2793.19,2669.6,2200.66,0.9558,0.7879,10.03,false,1.8
rooftop_home_10kw,10 kW solar home,2.5,15,0.7,0.06,10,26775,2546.51,2669.6,2200.66,1.0483,0.8642,10.03,false,1.9
rooftop_home_10kw,10 kW solar home,2.5,15,0.7,0.04,10,26775,2310.78,2669.6,2200.66,1.1553,0.9523,10.03,false,2
rooftop_home_10kw,10 kW solar home,2.5,15,0.5,0.08,10,26775,1995.13,2669.6,2200.66,1.3381,1.103,10.03,true,1.95
rooftop_home_10kw,10 kW solar home,2.5,15,0.5,0.06,10,26775,1818.93,2669.6,2200.66,1.4677,1.2099,10.03,true,2.05
rooftop_home_10kw,10 kW solar home,2.5,15,0.5,0.04,10,26775,1650.56,2669.6,2200.66,1.6174,1.3333,10.03,true,2.15
rooftop_home_10kw,10 kW solar home,2.5,15,0.3,0.08,10,26775,1197.08,2669.6,2200.66,2.2301,1.8384,10.03,true,2.1
rooftop_home_10kw,10 kW solar home,2.5,15,0.3,0.06,10,26775,1091.36,2669.6,2200.66,2.4461,2.0164,10.03,true,2.2
rooftop_home_10kw,10 kW solar home,2.5,15,0.3,0.04,10,26775,990.33,2669.6,2200.66,2.6957,2.2221,10.03,true,2.3
rooftop_home_10kw,10 kW solar home,2.5,30,0.7,0.08,10,22050,2300.27,2669.6,2200.66,1.1606,0.9567,8.26,false,2.1
rooftop_home_10kw,10 kW solar home,2.5,30,0.7,0.06,10,22050,2097.12,2669.6,2200.66,1.273,1.0494,8.26,true,2.2
rooftop_home_10kw,10 kW solar home,2.5,30,0.7,0.04,10,22050,1903,2669.6,2200.66,1.4028,1.1564,8.26,true,2.3
rooftop_home_10kw,10 kW solar home,2.5,30,0.5,0.08,10,22050,1643.05,2669.6,2200.66,1.6248,1.3394,8.26,true,2.25
rooftop_home_10kw,10 kW solar home,2.5,30,0.5,0.06,10,22050,1497.94,2669.6,2200.66,1.7822,1.4691,8.26,true,2.35
rooftop_home_10kw,10 kW solar home,2.5,30,0.5,0.04,10,22050,1359.28,2669.6,2200.66,1.964,1.619,8.26,true,2.45
rooftop_home_10kw,10 kW solar home,2.5,30,0.3,0.08,10,22050,985.83,2669.6,2200.66,2.708,2.2323,8.26,true,2.4
rooftop_home_10kw,10 kW solar home,2.5,30,0.3,0.06,10,22050,898.77,2669.6,2200.66,2.9703,2.4485,8.26,true,2.5
rooftop_home_10kw,10 kW solar home,2.5,30,0.3,0.04,10,22050,815.57,2669.6,2200.66,3.2733,2.6983,8.26,true,2.6
rooftop_home_10kw,10 kW solar home,2.5,45,0.7,0.08,10,17325,1807.36,2669.6,2200.66,1.4771,1.2176,6.49,true,2.4
rooftop_home_10kw,10 kW solar home,2.5,45,0.7,0.06,10,17325,1647.74,2669.6,2200.66,1.6202,1.3356,6.49,true,2.5
rooftop_home_10kw,10 kW solar home,2.5,45,0.7,0.04,10,17325,1495.21,2669.6,2200.66,1.7854,1.4718,6.49,true,2.6
rooftop_home_10kw,10 kW solar home,2.5,45,0.5,0.08,10,17325,1290.97,2669.6,2200.66,2.0679,1.7047,6.49,true,2.55
rooftop_home_10kw,10 kW solar home,2.5,45,0.5,0.06,10,17325,1176.96,2669.6,2200.66,2.2682,1.8698,6.49,true,2.65
rooftop_home_10kw,10 kW solar home,2.5,45,0.5,0.04,10,17325,1068.01,2669.6,2200.66,2.4996,2.0605,6.49,true,2.75
rooftop_home_10kw,10 kW solar home,2.5,45,0.3,0.08,10,17325,774.58,2669.6,2200.66,3.4465,2.8411,6.49,true,2.7
rooftop_home_10kw,10 kW solar home,2.5,45,0.3,0.06,10,17325,706.17,2669.6,2200.66,3.7804,3.1163,6.49,true,2.8
rooftop_home_10kw,10 kW solar home,2.5,45,0.3,0.04,10,17325,640.8,2669.6,2200.66,4.166,3.4342,6.49,true,2.9
rooftop_home_10kw,10 kW solar home,2.5,60,0.7,0.08,10,12600,1314.44,2669.6,2200.66,2.031,1.6742,4.72,true,2.7
rooftop_home_10kw,10 kW solar home,2.5,60,0.7,0.06,10,12600,1198.36,2669.6,2200.66,2.2277,1.8364,4.72,true,2.8
rooftop_home_10kw,10 kW solar home,2.5,60,0.7,0.04,10,12600,1087.43,2669.6,2200.66,2.455,2.0237,4.72,true,2.9
rooftop_home_10kw,10 kW solar home,2.5,60,0.5,0.08,10,12600,938.89,2669.6,2200.66,2.8434,2.3439,4.72,true,2.85
rooftop_home_10kw,10 kW solar home,2.5,60,0.5,0.06,10,12600,855.97,2669.6,2200.66,3.1188,2.571,4.72,true,2.95
rooftop_home_10kw,10 kW solar home,2.5,60,0.5,0.04,10,12600,776.73,2669.6,2200.66,3.437,2.8332,4.72,true,3.05
rooftop_home_10kw,10 kW solar home,2.5,60,0.3,0.08,10,12600,563.33,2669.6,2200.66,4.7389,3.9065,4.72,true,3
rooftop_home_10kw,10 kW solar home,2.5,60,0.3,0.06,10,12600,513.58,2669.6,2200.66,5.198,4.2849,4.72,true,3.1
rooftop_home_10kw,10 kW solar home,2.5,60,0.3,0.04,10,12600,466.04,2669.6,2200.66,5.7283,4.7221,4.72,true,3.2
rooftop_home_10kw,10 kW solar home,3,0,0.7,0.08,10,31500,3286.1,3203.51,2640.8,0.9749,0.8036,9.83,false,2
rooftop_home_10kw,10 kW solar home,3,0,0.7,0.06,10,31500,2995.89,3203.51,2640.8,1.0693,0.8815,9.83,false,2.1
rooftop_home_10kw,10 kW solar home,3,0,0.7,0.04,10,31500,2718.57,3203.51,2640.8,1.1784,0.9714,9.83,false,2.2
rooftop_home_10kw,10 kW solar home,3,0,0.5,0.08,10,31500,2347.21,3203.51,2640.8,1.3648,1.1251,9.83,true,2.15
rooftop_home_10kw,10 kW solar home,3,0,0.5,0.06,10,31500,2139.92,3203.51,2640.8,1.497,1.2341,9.83,true,2.25
rooftop_home_10kw,10 kW solar home,3,0,0.5,0.04,10,31500,1941.83,3203.51,2640.8,1.6497,1.36,9.83,true,2.35
rooftop_home_10kw,10 kW solar home,3,0,0.3,0.08,10,31500,1408.33,3203.51,2640.8,2.2747,1.8751,9.83,true,2.3
rooftop_home_10kw,10 kW solar home,3,0,0.3,0.06,10,31500,1283.95,3203.51,2640.8,2.495,2.0568,9.83,true,2.4
rooftop_home_10kw,10 kW solar home,3,0,0.3,0.04,10,31500,1165.1,3203.51,2640.8,2.7496,2.2666,9.83,true,2.5
rooftop_home_10kw,10 kW solar home,3,15,0.7,0.08,10,26775,2793.19,3203.51,2640.8,1.1469,0.9454,8.36,false,2.3
rooftop_home_10kw,10 kW solar home,3,15,0.7,0.06,10,26775,2546.51,3203.51,2640.8,1.258,1.037,8.36,true,2.4
rooftop_home_10kw,10 kW solar home,3,15,0.7,0.04,10,26775,2310.78,3203.51,2640.8,1.3863,1.1428,8.36,true,2.5
rooftop_home_10kw,10 kW solar home,3,15,0.5,0.08,10,26775,1995.13,3203.51,2640.8,1.6057,1.3236,8.36,true,2.45
rooftop_home_10kw,10 kW solar home,3,15,0.5,0.06,10,26775,1818.93,3203.51,2640.8,1.7612,1.4518,8.36,true,2.55
rooftop_home_10kw,10 kW solar home,3,15,0.5,0.04,10,26775,1650.56,3203.51,2640.8,1.9409,1.5999,8.36,true,2.65
rooftop_home_10kw,10 kW solar home,3,15,0.3,0.08,10,26775,1197.08,3203.51,2640.8,2.6761,2.206,8.36,true,2.6
rooftop_home_10kw,10 kW solar home,3,15,0.3,0.06,10,26775,1091.36,3203.51,2640.8,2.9353,2.4197,8.36,true,2.7
rooftop_home_10kw,10 kW solar home,3,15,0.3,0.04,10,26775,990.33,3203.51,2640.8,3.2348,2.6666,8.36,true,2.8
rooftop_home_10kw,10 kW solar home,3,30,0.7,0.08,10,22050,2300.27,3203.51,2640.8,1.3927,1.148,6.88,true,2.6
rooftop_home_10kw,10 kW solar home,3,30,0.7,0.06,10,22050,2097.12,3203.51,2640.8,1.5276,1.2592,6.88,true,2.7
rooftop_home_10kw,10 kW solar home,3,30,0.7,0.04,10,22050,1903,3203.51,2640.8,1.6834,1.3877,6.88,true,2.8
rooftop_home_10kw,10 kW solar home,3,30,0.5,0.08,10,22050,1643.05,3203.51,2640.8,1.9497,1.6073,6.88,true,2.75
rooftop_home_10kw,10 kW solar home,3,30,0.5,0.06,10,22050,1497.94,3203.51,2640.8,2.1386,1.7629,6.88,true,2.85
rooftop_home_10kw,10 kW solar home,3,30,0.5,0.04,10,22050,1359.28,3203.51,2640.8,2.3568,1.9428,6.88,true,2.95
rooftop_home_10kw,10 kW solar home,3,30,0.3,0.08,10,22050,985.83,3203.51,2640.8,3.2496,2.6788,6.88,true,2.9
rooftop_home_10kw,10 kW solar home,3,30,0.3,0.06,10,22050,898.77,3203.51,2640.8,3.5643,2.9382,6.88,true,3
rooftop_home_10kw,10 kW solar home,3,30,0.3,0.04,10,22050,815.57,3203.51,2640.8,3.9279,3.238,6.88,true,3.1
rooftop_home_10kw,10 kW solar home,3,45,0.7,0.08,10,17325,1807.36,3203.51,2640.8,1.7725,1.4611,5.41,true,2.9
rooftop_home_10kw,10 kW solar home,3,45,0.7,0.06,10,17325,1647.74,3203.51,2640.8,1.9442,1.6027,5.41,true,3
rooftop_home_10kw,10 kW solar home,3,45,0.7,0.04,10,17325,1495.21,3203.51,2640.8,2.1425,1.7662,5.41,true,3.1
rooftop_home_10kw,10 kW solar home,3,45,0.5,0.08,10,17325,1290.97,3203.51,2640.8,2.4815,2.0456,5.41,true,3.05
rooftop_home_10kw,10 kW solar home,3,45,0.5,0.06,10,17325,1176.96,3203.51,2640.8,2.7219,2.2438,5.41,true,3.15
rooftop_home_10kw,10 kW solar home,3,45,0.5,0.04,10,17325,1068.01,3203.51,2640.8,2.9995,2.4726,5.41,true,3.25
rooftop_home_10kw,10 kW solar home,3,45,0.3,0.08,10,17325,774.58,3203.51,2640.8,4.1358,3.4093,5.41,true,3.2
rooftop_home_10kw,10 kW solar home,3,45,0.3,0.06,10,17325,706.17,3203.51,2640.8,4.5364,3.7396,5.41,true,3.3
rooftop_home_10kw,10 kW solar home,3,45,0.3,0.04,10,17325,640.8,3203.51,2640.8,4.9992,4.1211,5.41,true,3.4
rooftop_home_10kw,10 kW solar home,3,60,0.7,0.08,10,12600,1314.44,3203.51,2640.8,2.4372,2.0091,3.93,true,3.2
rooftop_home_10kw,10 kW solar home,3,60,0.7,0.06,10,12600,1198.36,3203.51,2640.8,2.6733,2.2037,3.93,true,3.3
rooftop_home_10kw,10 kW solar home,3,60,0.7,0.04,10,12600,1087.43,3203.51,2640.8,2.946,2.4285,3.93,true,3.4
rooftop_home_10kw,10 kW solar home,3,60,0.5,0.08,10,12600,938.89,3203.51,2640.8,3.412,2.8127,3.93,true,3.35
rooftop_home_10kw,10 kW solar home,3,60,0.5,0.06,10,12600,855.97,3203.51,2640.8,3.7426,3.0852,3.93,true,3.45
rooftop_home_10kw,10 kW solar home,3,60,0.5,0.04,10,12600,776.73,3203.51,2640.8,4.1243,3.3999,3.93,true,3.55
rooftop_home_10kw,10 kW solar home,3,60,0.3,0.08,10,12600,563.33,3203.51,2640.8,5.6867,4.6878,3.93,true,3.5
rooftop_home_10kw,10 kW solar home,3,60,0.3,0.06,10,12600,513.58,3203.51,2640.8,6.2376,5.1419,3.93,true,3.6
rooftop_home_10kw,10 kW solar home,3,60,0.3,0.04,10,12600,466.04,3203.51,2640.8,6.8739,5.6665,3.93,true,3.7
rooftop_home_10kw,10 kW solar home,3.5,0,0.7,0.08,10,31500,3286.1,3737.43,3080.93,1.1373,0.9376,8.43,false,2.5
rooftop_home_10kw,10 kW solar home,3.5,0,0.7,0.06,10,31500,2995.89,3737.43,3080.93,1.2475,1.0284,8.43,true,2.6
rooftop_home_10kw,10 kW solar home,3.5,0,0.7,0.04,10,31500,2718.57,3737.43,3080.93,1.3748,1.1333,8.43,true,2.7
rooftop_home_10kw,10 kW solar home,3.5,0,0.5,0.08,10,31500,2347.21,3737.43,3080.93,1.5923,1.3126,8.43,true,2.65
rooftop_home_10kw,10 kW solar home,3.5,0,0.5,0.06,10,31500,2139.92,3737.43,3080.93,1.7465,1.4397,8.43,true,2.75
rooftop_home_10kw,10 kW solar home,3.5,0,0.5,0.04,10,31500,1941.83,3737.43,3080.93,1.9247,1.5866,8.43,true,2.85
rooftop_home_10kw,10 kW solar home,3.5,0,0.3,0.08,10,31500,1408.33,3737.43,3080.93,2.6538,2.1876,8.43,true,2.8
rooftop_home_10kw,10 kW solar home,3.5,0,0.3,0.06,10,31500,1283.95,3737.43,3080.93,2.9109,2.3996,8.43,true,2.9
rooftop_home_10kw,10 kW solar home,3.5,0,0.3,0.04,10,31500,1165.1,3737.43,3080.93,3.2078,2.6443,8.43,true,3
rooftop_home_10kw,10 kW solar home,3.5,15,0.7,0.08,10,26775,2793.19,3737.43,3080.93,1.3381,1.103,7.16,true,2.8
rooftop_home_10kw,10 kW solar home,3.5,15,0.7,0.06,10,26775,2546.51,3737.43,3080.93,1.4677,1.2099,7.16,true,2.9
rooftop_home_10kw,10 kW solar home,3.5,15,0.7,0.04,10,26775,2310.78,3737.43,3080.93,1.6174,1.3333,7.16,true,3
rooftop_home_10kw,10 kW solar home,3.5,15,0.5,0.08,10,26775,1995.13,3737.43,3080.93,1.8733,1.5442,7.16,true,2.95
rooftop_home_10kw,10 kW solar home,3.5,15,0.5,0.06,10,26775,1818.93,3737.43,3080.93,2.0547,1.6938,7.16,true,3.05
rooftop_home_10kw,10 kW solar home,3.5,15,0.5,0.04,10,26775,1650.56,3737.43,3080.93,2.2643,1.8666,7.16,true,3.15
rooftop_home_10kw,10 kW solar home,3.5,15,0.3,0.08,10,26775,1197.08,3737.43,3080.93,3.1221,2.5737,7.16,true,3.1
rooftop_home_10kw,10 kW solar home,3.5,15,0.3,0.06,10,26775,1091.36,3737.43,3080.93,3.4246,2.823,7.16,true,3.2
rooftop_home_10kw,10 kW solar home,3.5,15,0.3,0.04,10,26775,990.33,3737.43,3080.93,3.7739,3.111,7.16,true,3.3
rooftop_home_10kw,10 kW solar home,3.5,30,0.7,0.08,10,22050,2300.27,3737.43,3080.93,1.6248,1.3394,5.9,true,3.1
rooftop_home_10kw,10 kW solar home,3.5,30,0.7,0.06,10,22050,2097.12,3737.43,3080.93,1.7822,1.4691,5.9,true,3.2
rooftop_home_10kw,10 kW solar home,3.5,30,0.7,0.04,10,22050,1903,3737.43,3080.93,1.964,1.619,5.9,true,3.3
rooftop_home_10kw,10 kW solar home,3.5,30,0.5,0.08,10,22050,1643.05,3737.43,3080.93,2.2747,1.8751,5.9,true,3.25
rooftop_home_10kw,10 kW solar home,3.5,30,0.5,0.06,10,22050,1497.94,3737.43,3080.93,2.495,2.0568,5.9,true,3.35
rooftop_home_10kw,10 kW solar home,3.5,30,0.5,0.04,10,22050,1359.28,3737.43,3080.93,2.7496,2.2666,5.9,true,3.45
rooftop_home_10kw,10 kW solar home,3.5,30,0.3,0.08,10,22050,985.83,3737.43,3080.93,3.7912,3.1252,5.9,true,3.4
rooftop_home_10kw,10 kW solar home,3.5,30,0.3,0.06,10,22050,898.77,3737.43,3080.93,4.1584,3.428,5.9,true,3.5
rooftop_home_10kw,10 kW solar home,3.5,30,0.3,0.04,10,22050,815.57,3737.43,3080.93,4.5826,3.7776,5.9,true,3.6
rooftop_home_10kw,10 kW solar home,3.5,45,0.7,0.08,10,17325,1807.36,3737.43,3080.93,2.0679,1.7047,4.64,true,3.4
rooftop_home_10kw,10 kW solar home,3.5,45,0.7,0.06,10,17325,1647.74,3737.43,3080.93,2.2682,1.8698,4.64,true,3.5
rooftop_home_10kw,10 kW solar home,3.5,45,0.7,0.04,10,17325,1495.21,3737.43,3080.93,2.4996,2.0605,4.64,true,3.6
rooftop_home_10kw,10 kW solar home,3.5,45,0.5,0.08,10,17325,1290.97,3737.43,3080.93,2.8951,2.3865,4.64,true,3.55
rooftop_home_10kw,10 kW solar home,3.5,45,0.5,0.06,10,17325,1176.96,3737.43,3080.93,3.1755,2.6177,4.64,true,3.65
rooftop_home_10kw,10 kW solar home,3.5,45,0.5,0.04,10,17325,1068.01,3737.43,3080.93,3.4994,2.8847,4.64,true,3.75
rooftop_home_10kw,10 kW solar home,3.5,45,0.3,0.08,10,17325,774.58,3737.43,3080.93,4.8251,3.9775,4.64,true,3.7
rooftop_home_10kw,10 kW solar home,3.5,45,0.3,0.06,10,17325,706.17,3737.43,3080.93,5.2925,4.3628,4.64,true,3.8
rooftop_home_10kw,10 kW solar home,3.5,45,0.3,0.04,10,17325,640.8,3737.43,3080.93,5.8324,4.8079,4.64,true,3.9
rooftop_home_10kw,10 kW solar home,3.5,60,0.7,0.08,10,12600,1314.44,3737.43,3080.93,2.8434,2.3439,3.37,true,3.7
rooftop_home_10kw,10 kW solar home,3.5,60,0.7,0.06,10,12600,1198.36,3737.43,3080.93,3.1188,2.571,3.37,true,3.8
rooftop_home_10kw,10 kW solar home,3.5,60,0.7,0.04,10,12600,1087.43,3737.43,3080.93,3.437,2.8332,3.37,true,3.9
rooftop_home_10kw,10 kW solar home,3.5,60,0.5,0.08,10,12600,938.89,3737.43,3080.93,3.9807,3.2815,3.37,true,3.85
rooftop_home_10kw,10 kW solar home,3.5,60,0.5,0.06,10,12600,855.97,3737.43,3080.93,4.3663,3.5993,3.37,true,3.95
rooftop_home_10kw,10 kW solar home,3.5,60,0.5,0.04,10,12600,776.73,3737.43,3080.93,4.8117,3.9665,3.37,true,4.05
rooftop_home_10kw,10 kW solar home,3.5,60,0.3,0.08,10,12600,563.33,3737.43,3080.93,6.6345,5.4691,3.37,true,4
rooftop_home_10kw,10 kW solar home,3.5,60,0.3,0.06,10,12600,513.58,3737.43,3080.93,7.2772,5.9989,3.37,true,4.1
rooftop_home_10kw,10 kW solar home,3.5,60,0.3,0.04,10,12600,466.04,3737.43,3080.93,8.0196,6.6109,3.37,true,4.2
rooftop_home_10kw,10 kW solar home,4,0,0.7,0.08,10,31500,3286.1,4271.35,3521.06,1.2998,1.0715,7.37,true,3
rooftop_home_10kw,10 kW solar home,4,0,0.7,0.06,10,31500,2995.89,4271.35,3521.06,1.4257,1.1753,7.37,true,3.1
rooftop_home_10kw,10 kW solar home,4,0,0.7,0.04,10,31500,2718.57,4271.35,3521.06,1.5712,1.2952,7.37,true,3.2
rooftop_home_10kw,10 kW solar home,4,0,0.5,0.08,10,31500,2347.21,4271.35,3521.06,1.8198,1.5001,7.37,true,3.15
rooftop_home_10kw,10 kW solar home,4,0,0.5,0.06,10,31500,2139.92,4271.35,3521.06,1.996,1.6454,7.37,true,3.25
rooftop_home_10kw,10 kW solar home,4,0,0.5,0.04,10,31500,1941.83,4271.35,3521.06,2.1997,1.8133,7.37,true,3.35
rooftop_home_10kw,10 kW solar home,4,0,0.3,0.08,10,31500,1408.33,4271.35,3521.06,3.0329,2.5002,7.37,true,3.3
rooftop_home_10kw,10 kW solar home,4,0,0.3,0.06,10,31500,1283.95,4271.35,3521.06,3.3267,2.7424,7.37,true,3.4
rooftop_home_10kw,10 kW solar home,4,0,0.3,0.04,10,31500,1165.1,4271.35,3521.06,3.6661,3.0221,7.37,true,3.5
rooftop_home_10kw,10 kW solar home,4,15,0.7,0.08,10,26775,2793.19,4271.35,3521.06,1.5292,1.2606,6.27,true,3.3
rooftop_home_10kw,10 kW solar home,4,15,0.7,0.06,10,26775,2546.51,4271.35,3521.06,1.6773,1.3827,6.27,true,3.4
rooftop_home_10kw,10 kW solar home,4,15,0.7,0.04,10,26775,2310.78,4271.35,3521.06,1.8484,1.5238,6.27,true,3.5
rooftop_home_10kw,10 kW solar home,4,15,0.5,0.08,10,26775,1995.13,4271.35,3521.06,2.1409,1.7648,6.27,true,3.45
rooftop_home_10kw,10 kW solar home,4,15,0.5,0.06,10,26775,1818.93,4271.35,3521.06,2.3483,1.9358,6.27,true,3.55
rooftop_home_10kw,10 kW solar home,4,15,0.5,0.04,10,26775,1650.56,4271.35,3521.06,2.5878,2.1333,6.27,true,3.65
rooftop_home_10kw,10 kW solar home,4,15,0.3,0.08,10,26775,1197.08,4271.35,3521.06,3.5681,2.9414,6.27,true,3.6
rooftop_home_10kw,10 kW solar home,4,15,0.3,0.06,10,26775,1091.36,4271.35,3521.06,3.9138,3.2263,6.27,true,3.7
rooftop_home_10kw,10 kW solar home,4,15,0.3,0.04,10,26775,990.33,4271.35,3521.06,4.313,3.5554,6.27,true,3.8
rooftop_home_10kw,10 kW solar home,4,30,0.7,0.08,10,22050,2300.27,4271.35,3521.06,1.8569,1.5307,5.16,true,3.6
rooftop_home_10kw,10 kW solar home,4,30,0.7,0.06,10,22050,2097.12,4271.35,3521.06,2.0368,1.679,5.16,true,3.7
rooftop_home_10kw,10 kW solar home,4,30,0.7,0.04,10,22050,1903,4271.35,3521.06,2.2445,1.8503,5.16,true,3.8
rooftop_home_10kw,10 kW solar home,4,30,0.5,0.08,10,22050,1643.05,4271.35,3521.06,2.5996,2.143,5.16,true,3.75
rooftop_home_10kw,10 kW solar home,4,30,0.5,0.06,10,22050,1497.94,4271.35,3521.06,2.8515,2.3506,5.16,true,3.85
rooftop_home_10kw,10 kW solar home,4,30,0.5,0.04,10,22050,1359.28,4271.35,3521.06,3.1424,2.5904,5.16,true,3.95
rooftop_home_10kw,10 kW solar home,4,30,0.3,0.08,10,22050,985.83,4271.35,3521.06,4.3327,3.5717,5.16,true,3.9
rooftop_home_10kw,10 kW solar home,4,30,0.3,0.06,10,22050,898.77,4271.35,3521.06,4.7525,3.9177,5.16,true,4
rooftop_home_10kw,10 kW solar home,4,30,0.3,0.04,10,22050,815.57,4271.35,3521.06,5.2373,4.3173,5.16,true,4.1
rooftop_home_10kw,10 kW solar home,4,45,0.7,0.08,10,17325,1807.36,4271.35,3521.06,2.3633,1.9482,4.06,true,3.9
rooftop_home_10kw,10 kW solar home,4,45,0.7,0.06,10,17325,1647.74,4271.35,3521.06,2.5923,2.1369,4.06,true,4
rooftop_home_10kw,10 kW solar home,4,45,0.7,0.04,10,17325,1495.21,4271.35,3521.06,2.8567,2.3549,4.06,true,4.1
rooftop_home_10kw,10 kW solar home,4,45,0.5,0.08,10,17325,1290.97,4271.35,3521.06,3.3086,2.7275,4.06,true,4.05
rooftop_home_10kw,10 kW solar home,4,45,0.5,0.06,10,17325,1176.96,4271.35,3521.06,3.6292,2.9917,4.06,true,4.15
rooftop_home_10kw,10 kW solar home,4,45,0.5,0.04,10,17325,1068.01,4271.35,3521.06,3.9994,3.2969,4.06,true,4.25
rooftop_home_10kw,10 kW solar home,4,45,0.3,0.08,10,17325,774.58,4271.35,3521.06,5.5144,4.5458,4.06,true,4.2
rooftop_home_10kw,10 kW solar home,4,45,0.3,0.06,10,17325,706.17,4271.35,3521.06,6.0486,4.9861,4.06,true,4.3
rooftop_home_10kw,10 kW solar home,4,45,0.3,0.04,10,17325,640.8,4271.35,3521.06,6.6656,5.4948,4.06,true,4.4
rooftop_home_10kw,10 kW solar home,4,60,0.7,0.08,10,12600,1314.44,4271.35,3521.06,3.2496,2.6788,2.95,true,4.2
rooftop_home_10kw,10 kW solar home,4,60,0.7,0.06,10,12600,1198.36,4271.35,3521.06,3.5643,2.9382,2.95,true,4.3
rooftop_home_10kw,10 kW solar home,4,60,0.7,0.04,10,12600,1087.43,4271.35,3521.06,3.9279,3.238,2.95,true,4.4
rooftop_home_10kw,10 kW solar home,4,60,0.5,0.08,10,12600,938.89,4271.35,3521.06,4.5494,3.7503,2.95,true,4.35
rooftop_home_10kw,10 kW solar home,4,60,0.5,0.06,10,12600,855.97,4271.35,3521.06,4.9901,4.1135,2.95,true,4.45
rooftop_home_10kw,10 kW solar home,4,60,0.5,0.04,10,12600,776.73,4271.35,3521.06,5.4991,4.5332,2.95,true,4.55
rooftop_home_10kw,10 kW solar home,4,60,0.3,0.08,10,12600,563.33,4271.35,3521.06,7.5823,6.2504,2.95,true,4.5
rooftop_home_10kw,10 kW solar home,4,60,0.3,0.06,10,12600,513.58,4271.35,3521.06,8.3168,6.8559,2.95,true,4.6
rooftop_home_10kw,10 kW solar home,4,60,0.3,0.04,10,12600,466.04,4271.35,3521.06,9.1652,7.5553,2.95,true,4.7
rooftop_home_10kw,10 kW solar home,5,0,0.7,0.08,10,31500,3286.1,5339.19,4401.33,1.6248,1.3394,5.9,true,4
rooftop_home_10kw,10 kW solar home,5,0,0.7,0.06,10,31500,2995.89,5339.19,4401.33,1.7822,1.4691,5.9,true,4.1
rooftop_home_10kw,10 kW solar home,5,0,0.7,0.04,10,31500,2718.57,5339.19,4401.33,1.964,1.619,5.9,true,4.2
rooftop_home_10kw,10 kW solar home,5,0,0.5,0.08,10,31500,2347.21,5339.19,4401.33,2.2747,1.8751,5.9,true,4.15
rooftop_home_10kw,10 kW solar home,5,0,0.5,0.06,10,31500,2139.92,5339.19,4401.33,2.495,2.0568,5.9,true,4.25
rooftop_home_10kw,10 kW solar home,5,0,0.5,0.04,10,31500,1941.83,5339.19,4401.33,2.7496,2.2666,5.9,true,4.35
rooftop_home_10kw,10 kW solar home,5,0,0.3,0.08,10,31500,1408.33,5339.19,4401.33,3.7912,3.1252,5.9,true,4.3
rooftop_home_10kw,10 kW solar home,5,0,0.3,0.06,10,31500,1283.95,5339.19,4401.33,4.1584,3.428,5.9,true,4.4
rooftop_home_10kw,10 kW solar home,5,0,0.3,0.04,10,31500,1165.1,5339.19,4401.33,4.5826,3.7776,5.9,true,4.5
rooftop_home_10kw,10 kW solar home,5,15,0.7,0.08,10,26775,2793.19,5339.19,4401.33,1.9115,1.5757,5.01,true,4.3
rooftop_home_10kw,10 kW solar home,5,15,0.7,0.06,10,26775,2546.51,5339.19,4401.33,2.0967,1.7284,5.01,true,4.4
rooftop_home_10kw,10 kW solar home,5,15,0.7,0.04,10,26775,2310.78,5339.19,4401.33,2.3106,1.9047,5.01,true,4.5
rooftop_home_10kw,10 kW solar home,5,15,0.5,0.08,10,26775,1995.13,5339.19,4401.33,2.6761,2.206,5.01,true,4.45
rooftop_home_10kw,10 kW solar home,5,15,0.5,0.06,10,26775,1818.93,5339.19,4401.33,2.9353,2.4197,5.01,true,4.55
rooftop_home_10kw,10 kW solar home,5,15,0.5,0.04,10,26775,1650.56,5339.19,4401.33,3.2348,2.6666,5.01,true,4.65
rooftop_home_10kw,10 kW solar home,5,15,0.3,0.08,10,26775,1197.08,5339.19,4401.33,4.4602,3.6767,5.01,true,4.6
rooftop_home_10kw,10 kW solar home,5,15,0.3,0.06,10,26775,1091.36,5339.19,4401.33,4.8922,4.0329,5.01,true,4.7
rooftop_home_10kw,10 kW solar home,5,15,0.3,0.04,10,26775,990.33,5339.19,4401.33,5.3913,4.4443,5.01,true,4.8
rooftop_home_10kw,10 kW solar home,5,30,0.7,0.08,10,22050,2300.27,5339.19,4401.33,2.3211,1.9134,4.13,true,4.6
rooftop_home_10kw,10 kW solar home,5,30,0.7,0.06,10,22050,2097.12,5339.19,4401.33,2.546,2.0987,4.13,true,4.7
rooftop_home_10kw,10 kW solar home,5,30,0.7,0.04,10,22050,1903,5339.19,4401.33,2.8057,2.3128,4.13,true,4.8
rooftop_home_10kw,10 kW solar home,5,30,0.5,0.08,10,22050,1643.05,5339.19,4401.33,3.2496,2.6788,4.13,true,4.75
rooftop_home_10kw,10 kW solar home,5,30,0.5,0.06,10,22050,1497.94,5339.19,4401.33,3.5643,2.9382,4.13,true,4.85
rooftop_home_10kw,10 kW solar home,5,30,0.5,0.04,10,22050,1359.28,5339.19,4401.33,3.9279,3.238,4.13,true,4.95
rooftop_home_10kw,10 kW solar home,5,30,0.3,0.08,10,22050,985.83,5339.19,4401.33,5.4159,4.4646,4.13,true,4.9
rooftop_home_10kw,10 kW solar home,5,30,0.3,0.06,10,22050,898.77,5339.19,4401.33,5.9406,4.8971,4.13,true,5
rooftop_home_10kw,10 kW solar home,5,30,0.3,0.04,10,22050,815.57,5339.19,4401.33,6.5466,5.3966,4.13,true,5.1
rooftop_home_10kw,10 kW solar home,5,45,0.7,0.08,10,17325,1807.36,5339.19,4401.33,2.9541,2.4352,3.24,true,4.9
rooftop_home_10kw,10 kW solar home,5,45,0.7,0.06,10,17325,1647.74,5339.19,4401.33,3.2403,2.6711,3.24,true,5
rooftop_home_10kw,10 kW solar home,5,45,0.7,0.04,10,17325,1495.21,5339.19,4401.33,3.5709,2.9436,3.24,true,5.1
rooftop_home_10kw,10 kW solar home,5,45,0.5,0.08,10,17325,1290.97,5339.19,4401.33,4.1358,3.4093,3.24,true,5.05
rooftop_home_10kw,10 kW solar home,5,45,0.5,0.06,10,17325,1176.96,5339.19,4401.33,4.5364,3.7396,3.24,true,5.15
rooftop_home_10kw,10 kW solar home,5,45,0.5,0.04,10,17325,1068.01,5339.19,4401.33,4.9992,4.1211,3.24,true,5.25
rooftop_home_10kw,10 kW solar home,5,45,0.3,0.08,10,17325,774.58,5339.19,4401.33,6.893,5.6822,3.24,true,5.2
rooftop_home_10kw,10 kW solar home,5,45,0.3,0.06,10,17325,706.17,5339.19,4401.33,7.5607,6.2326,3.24,true,5.3
rooftop_home_10kw,10 kW solar home,5,45,0.3,0.04,10,17325,640.8,5339.19,4401.33,8.332,6.8684,3.24,true,5.4
rooftop_home_10kw,10 kW solar home,5,60,0.7,0.08,10,12600,1314.44,5339.19,4401.33,4.062,3.3484,2.36,true,5.2
rooftop_home_10kw,10 kW solar home,5,60,0.7,0.06,10,12600,1198.36,5339.19,4401.33,4.4554,3.6728,2.36,true,5.3
rooftop_home_10kw,10 kW solar home,5,60,0.7,0.04,10,12600,1087.43,5339.19,4401.33,4.9099,4.0475,2.36,true,5.4
rooftop_home_10kw,10 kW solar home,5,60,0.5,0.08,10,12600,938.89,5339.19,4401.33,5.6867,4.6878,2.36,true,5.35
rooftop_home_10kw,10 kW solar home,5,60,0.5,0.06,10,12600,855.97,5339.19,4401.33,6.2376,5.1419,2.36,true,5.45
rooftop_home_10kw,10 kW solar home,5,60,0.5,0.04,10,12600,776.73,5339.19,4401.33,6.8739,5.6665,2.36,true,5.55
rooftop_home_10kw,10 kW solar home,5,60,0.3,0.08,10,12600,563.33,5339.19,4401.33,9.4779,7.813,2.36,true,5.5
rooftop_home_10kw,10 kW solar home,5,60,0.3,0.06,10,12600,513.58,5339.19,4401.33,10.396,8.5699,2.36,true,5.6
rooftop_home_10kw,10 kW solar home,5,60,0.3,0.04,10,12600,466.04,5339.19,4401.33,11.4565,9.4441,2.36,true,5.7
neighborhood_cluster_250kw,250 kW neighborhood cluster,1,0,0.7,0.08,10,787500,82152.51,28807.5,23747.27,0.3507,0.2891,27.34,false,0
neighborhood_cluster_250kw,250 kW neighborhood cluster,1,0,0.7,0.06,10,787500,74897.21,28807.5,23747.27,0.3846,0.3171,27.34,false,0.1
neighborhood_cluster_250kw,250 kW neighborhood cluster,1,0,0.7,0.04,10,787500,67964.13,28807.5,23747.27,0.4239,0.3494,27.34,false,0.2
neighborhood_cluster_250kw,250 kW neighborhood cluster,1,0,0.5,0.08,10,787500,58680.36,28807.5,23747.27,0.4909,0.4047,27.34,false,0.15
neighborhood_cluster_250kw,250 kW neighborhood cluster,1,0,0.5,0.06,10,787500,53498.01,28807.5,23747.27,0.5385,0.4439,27.34,false,0.25
neighborhood_cluster_250kw,250 kW neighborhood cluster,1,0,0.5,0.04,10,787500,48545.81,28807.5,23747.27,0.5934,0.4892,27.34,false,0.35
neighborhood_cluster_250kw,250 kW neighborhood cluster,1,0,0.3,0.08,10,787500,35208.22,28807.5,23747.27,0.8182,0.6745,27.34,false,0.3
neighborhood_cluster_250kw,250 kW neighborhood cluster,1,0,0.3,0.06,10,787500,32098.81,28807.5,23747.27,0.8975,0.7398,27.34,false,0.4
neighborhood_cluster_250kw,250 kW neighborhood cluster,1,0,0.3,0.04,10,787500,29127.49,28807.5,23747.27,0.989,0.8153,27.34,false,0.5
neighborhood_cluster_250kw,250 kW neighborhood cluster,1,15,0.7,0.08,10,669375,69829.63,28807.5,23747.27,0.4125,0.3401,23.24,false,0.3
neighborhood_cluster_250kw,250 kW neighborhood cluster,1,15,0.7,0.06,10,669375,63662.63,28807.5,23747.27,0.4525,0.373,23.24,false,0.4
neighborhood_cluster_250kw,250 kW neighborhood cluster,1,15,0.7,0.04,10,669375,57769.51,28807.5,23747.27,0.4987,0.4111,23.24,false,0.5
neighborhood_cluster_250kw,250 kW neighborhood cluster,1,15,0.5,0.08,10,669375,49878.31,28807.5,23747.27,0.5776,0.4761,23.24,false,0.45
neighborhood_cluster_250kw,250 kW neighborhood cluster,1,15,0.5,0.06,10,669375,45473.31,28807.5,23747.27,0.6335,0.5222,23.24,false,0.55
neighborhood_cluster_250kw,250 kW neighborhood cluster,1,15,0.5,0.04,10,669375,41263.94,28807.5,23747.27,0.6981,0.5755,23.24,false,0.65
neighborhood_cluster_250kw,250 kW neighborhood cluster,1,15,0.3,0.08,10,669375,29926.98,28807.5,23747.27,0.9626,0.7935,23.24,false,0.6
neighborhood_cluster_250kw,250 kW neighborhood cluster,1,15,0.3,0.06,10,669375,27283.98,28807.5,23747.27,1.0558,0.8704,23.24,false,0.7
neighborhood_cluster_250kw,250 kW neighborhood cluster,1,15,0.3,0.04,10,669375,24758.36,28807.5,23747.27,1.1635,0.9592,23.24,false,0.8
neighborhood_cluster_250kw,250 kW neighborhood cluster,1,30,0.7,0.08,10,551250,57506.75,28807.5,23747.27,0.5009,0.4129,19.14,false,0.6
neighborhood_cluster_250kw,250 kW neighborhood cluster,1,30,0.7,0.06,10,551250,52428.05,28807.5,23747.27,0.5495,0.4529,19.14,false,0.7
neighborhood_cluster_250kw,250 kW neighborhood cluster,1,30,0.7,0.04,10,551250,47574.89,28807.5,23747.27,0.6055,0.4992,19.14,false,0.8
neighborhood_cluster_250kw,250 kW neighborhood cluster,1,30,0.5,0.08,10,551250,41076.25,28807.5,23747.27,0.7013,0.5781,19.14,false,0.75
neighborhood_cluster_250kw,250 kW neighborhood cluster,1,30,0.5,0.06,10,551250,37448.61,28807.5,23747.27,0.7693,0.6341,19.14,false,0.85
neighborhood_cluster_250kw,250 kW neighborhood cluster,1,30,0.5,0.04,10,551250,33982.07,28807.5,23747.27,0.8477,0.6988,19.14,false,0.95
neighborhood_cluster_250kw,250 kW neighborhood cluster,1,30,0.3,0.08,10,551250,24645.75,28807.5,23747.27,1.1689,0.9635,19.14,false,0.9
neighborhood_cluster_250kw,250 kW neighborhood cluster,1,30,0.3,0.06,10,551250,22469.16,28807.5,23747.27,1.2821,1.0569,19.14,false,1
neighborhood_cluster_250kw,250 kW neighborhood cluster,1,30,0.3,0.04,10,551250,20389.24,28807.5,23747.27,1.4129,1.1647,19.14,false,1.1
neighborhood_cluster_250kw,250 kW neighborhood cluster,1,45,0.7,0.08,10,433125,45183.88,28807.5,23747.27,0.6376,0.5256,15.04,false,0.9
neighborhood_cluster_250kw,250 kW neighborhood cluster,1,45,0.7,0.06,10,433125,41193.47,28807.5,23747.27,0.6993,0.5765,15.04,false,1
neighborhood_cluster_250kw,250 kW neighborhood cluster,1,45,0.7,0.04,10,433125,37380.27,28807.5,23747.27,0.7707,0.6353,15.04,false,1.1
neighborhood_cluster_250kw,250 kW neighborhood cluster,1,45,0.5,0.08,10,433125,32274.2,28807.5,23747.27,0.8926,0.7358,15.04,false,1.05
neighborhood_cluster_250kw,250 kW neighborhood cluster,1,45,0.5,0.06,10,433125,29423.9,28807.5,23747.27,0.9791,0.8071,15.04,false,1.15
neighborhood_cluster_250kw,250 kW neighborhood cluster,1,45,0.5,0.04,10,433125,26700.2,28807.5,23747.27,1.0789,0.8894,15.04,false,1.25
neighborhood_cluster_250kw,250 kW neighborhood cluster,1,45,0.3,0.08,10,433125,19364.52,28807.5,23747.27,1.4876,1.2263,15.04,false,1.2
neighborhood_cluster_250kw,250 kW neighborhood cluster,1,45,0.3,0.06,10,433125,17654.34,28807.5,23747.27,1.6318,1.3451,15.04,false,1.3
neighborhood_cluster_250kw,250 kW neighborhood cluster,1,45,0.3,0.04,10,433125,16020.12,28807.5,23747.27,1.7982,1.4823,15.04,false,1.4
neighborhood_cluster_250kw,250 kW neighborhood cluster,1,60,0.7,0.08,10,315000,32861,28807.5,23747.27,0.8766,0.7227,10.93,false,1.2
neighborhood_cluster_250kw,250 kW neighborhood cluster,1,60,0.7,0.06,10,315000,29958.88,28807.5,23747.27,0.9616,0.7927,10.93,false,1.3
neighborhood_cluster_250kw,250 kW neighborhood cluster,1,60,0.7,0.04,10,315000,27185.65,28807.5,23747.27,1.0597,0.8735,10.93,false,1.4
neighborhood_cluster_250kw,250 kW neighborhood cluster,1,60,0.5,0.08,10,315000,23472.14,28807.5,23747.27,1.2273,1.0117,10.93,true,1.35
neighborhood_cluster_250kw,250 kW neighborhood cluster,1,60,0.5,0.06,10,315000,21399.2,28807.5,23747.27,1.3462,1.1097,10.93,true,1.45
neighborhood_cluster_250kw,250 kW neighborhood cluster,1,60,0.5,0.04,10,315000,19418.32,28807.5,23747.27,1.4835,1.2229,10.93,true,1.55
neighborhood_cluster_250kw,250 kW neighborhood cluster,1,60,0.3,0.08,10,315000,14083.29,28807.5,23747.27,2.0455,1.6862,10.93,true,1.5
neighborhood_cluster_250kw,250 kW neighborhood cluster,1,60,0.3,0.06,10,315000,12839.52,28807.5,23747.27,2.2437,1.8495,10.93,true,1.6
neighborhood_cluster_250kw,250 kW neighborhood cluster,1,60,0.3,0.04,10,315000,11650.99,28807.5,23747.27,2.4725,2.0382,10.93,true,1.7
neighborhood_cluster_250kw,250 kW neighborhood cluster,1.5,0,0.7,0.08,10,787500,82152.51,43211.24,35620.91,0.526,0.4336,18.22,false,0.5
neighborhood_cluster_250kw,250 kW neighborhood cluster,1.5,0,0.7,0.06,10,787500,74897.21,43211.24,35620.91,0.5769,0.4756,18.22,false,0.6
neighborhood_cluster_250kw,250 kW neighborhood cluster,1.5,0,0.7,0.04,10,787500,67964.13,43211.24,35620.91,0.6358,0.5241,18.22,false,0.7
neighborhood_cluster_250kw,250 kW neighborhood cluster,1.5,0,0.5,0.08,10,787500,58680.36,43211.24,35620.91,0.7364,0.607,18.22,false,0.65
neighborhood_cluster_250kw,250 kW neighborhood cluster,1.5,0,0.5,0.06,10,787500,53498.01,43211.24,35620.91,0.8077,0.6658,18.22,false,0.75
neighborhood_cluster_250kw,250 kW neighborhood cluster,1.5,0,0.5,0.04,10,787500,48545.81,43211.24,35620.91,0.8901,0.7338,18.22,false,0.85
neighborhood_cluster_250kw,250 kW neighborhood cluster,1.5,0,0.3,0.08,10,787500,35208.22,43211.24,35620.91,1.2273,1.0117,18.22,false,0.8
neighborhood_cluster_250kw,250 kW neighborhood cluster,1.5,0,0.3,0.06,10,787500,32098.81,43211.24,35620.91,1.3462,1.1097,18.22,false,0.9
neighborhood_cluster_250kw,250 kW neighborhood cluster,1.5,0,0.3,0.04,10,787500,29127.49,43211.24,35620.91,1.4835,1.2229,18.22,false,1
neighborhood_cluster_250kw,250 kW neighborhood cluster,1.5,15,0.7,0.08,10,669375,69829.63,43211.24,35620.91,0.6188,0.5101,15.49,false,0.8
neighborhood_cluster_250kw,250 kW neighborhood cluster,1.5,15,0.7,0.06,10,669375,63662.63,43211.24,35620.91,0.6788,0.5595,15.49,false,0.9
neighborhood_cluster_250kw,250 kW neighborhood cluster,1.5,15,0.7,0.04,10,669375,57769.51,43211.24,35620.91,0.748,0.6166,15.49,false,1
neighborhood_cluster_250kw,250 kW neighborhood cluster,1.5,15,0.5,0.08,10,669375,49878.31,43211.24,35620.91,0.8663,0.7142,15.49,false,0.95
neighborhood_cluster_250kw,250 kW neighborhood cluster,1.5,15,0.5,0.06,10,669375,45473.31,43211.24,35620.91,0.9503,0.7833,15.49,false,1.05
neighborhood_cluster_250kw,250 kW neighborhood cluster,1.5,15,0.5,0.04,10,669375,41263.94,43211.24,35620.91,1.0472,0.8632,15.49,false,1.15
neighborhood_cluster_250kw,250 kW neighborhood cluster,1.5,15,0.3,0.08,10,669375,29926.98,43211.24,35620.91,1.4439,1.1903,15.49,false,1.1
neighborhood_cluster_250kw,250 kW neighborhood cluster,1.5,15,0.3,0.06,10,669375,27283.98,43211.24,35620.91,1.5838,1.3056,15.49,false,1.2
neighborhood_cluster_250kw,250 kW neighborhood cluster,1.5,15,0.3,0.04,10,669375,24758.36,43211.24,35620.91,1.7453,1.4387,15.49,false,1.3
neighborhood_cluster_250kw,250 kW neighborhood cluster,1.5,30,0.7,0.08,10,551250,57506.75,43211.24,35620.91,0.7514,0.6194,12.76,false,1.1
neighborhood_cluster_250kw,250 kW neighborhood cluster,1.5,30,0.7,0.06,10,551250,52428.05,43211.24,35620.91,0.8242,0.6794,12.76,false,1.2
neighborhood_cluster_250kw,250 kW neighborhood cluster,1.5,30,0.7,0.04,10,551250,47574.89,43211.24,35620.91,0.9083,0.7487,12.76,false,1.3
neighborhood_cluster_250kw,250 kW neighborhood cluster,1.5,30,0.5,0.08,10,551250,41076.25,43211.24,35620.91,1.052,0.8672,12.76,false,1.25
neighborhood_cluster_250kw,250 kW neighborhood cluster,1.5,30,0.5,0.06,10,551250,37448.61,43211.24,35620.91,1.1539,0.9512,12.76,false,1.35
neighborhood_cluster_250kw,250 kW neighborhood cluster,1.5,30,0.5,0.04,10,551250,33982.07,43211.24,35620.91,1.2716,1.0482,12.76,true,1.45
neighborhood_cluster_250kw,250 kW neighborhood cluster,1.5,30,0.3,0.08,10,551250,24645.75,43211.24,35620.91,1.7533,1.4453,12.76,true,1.4
neighborhood_cluster_250kw,250 kW neighborhood cluster,1.5,30,0.3,0.06,10,551250,22469.16,43211.24,35620.91,1.9231,1.5853,12.76,true,1.5
neighborhood_cluster_250kw,250 kW neighborhood cluster,1.5,30,0.3,0.04,10,551250,20389.24,43211.24,35620.91,2.1193,1.747,12.76,true,1.6
neighborhood_cluster_250kw,250 kW neighborhood cluster,1.5,45,0.7,0.08,10,433125,45183.88,43211.24,35620.91,0.9563,0.7884,10.02,false,1.4
neighborhood_cluster_250kw,250 kW neighborhood cluster,1.5,45,0.7,0.06,10,433125,41193.47,43211.24,35620.91,1.049,0.8647,10.02,false,1.5
neighborhood_cluster_250kw,250 kW neighborhood cluster,1.5,45,0.7,0.04,10,433125,37380.27,43211.24,35620.91,1.156,0.9529,10.02,false,1.6
neighborhood_cluster_250kw,250 kW neighborhood cluster,1.5,45,0.5,0.08,10,433125,32274.2,43211.24,35620.91,1.3389,1.1037,10.02,true,1.55
neighborhood_cluster_250kw,250 kW neighborhood cluster,1.5,45,0.5,0.06,10,433125,29423.9,43211.24,35620.91,1.4686,1.2106,10.02,true,1.65
neighborhood_cluster_250kw,250 kW neighborhood cluster,1.5,45,0.5,0.04,10,433125,26700.2,43211.24,35620.91,1.6184,1.3341,10.02,true,1.75
neighborhood_cluster_250kw,250 kW neighborhood cluster,1.5,45,0.3,0.08,10,433125,19364.52,43211.24,35620.91,2.2315,1.8395,10.02,true,1.7
neighborhood_cluster_250kw,250 kW neighborhood cluster,1.5,45,0.3,0.06,10,433125,17654.34,43211.24,35620.91,2.4476,2.0177,10.02,true,1.8
neighborhood_cluster_250kw,250 kW neighborhood cluster,1.5,45,0.3,0.04,10,433125,16020.12,43211.24,35620.91,2.6973,2.2235,10.02,true,1.9
neighborhood_cluster_250kw,250 kW neighborhood cluster,1.5,60,0.7,0.08,10,315000,32861,43211.24,35620.91,1.315,1.084,7.29,true,1.7
neighborhood_cluster_250kw,250 kW neighborhood cluster,1.5,60,0.7,0.06,10,315000,29958.88,43211.24,35620.91,1.4424,1.189,7.29,true,1.8
neighborhood_cluster_250kw,250 kW neighborhood cluster,1.5,60,0.7,0.04,10,315000,27185.65,43211.24,35620.91,1.5895,1.3103,7.29,true,1.9
neighborhood_cluster_250kw,250 kW neighborhood cluster,1.5,60,0.5,0.08,10,315000,23472.14,43211.24,35620.91,1.841,1.5176,7.29,true,1.85
neighborhood_cluster_250kw,250 kW neighborhood cluster,1.5,60,0.5,0.06,10,315000,21399.2,43211.24,35620.91,2.0193,1.6646,7.29,true,1.95
neighborhood_cluster_250kw,250 kW neighborhood cluster,1.5,60,0.5,0.04,10,315000,19418.32,43211.24,35620.91,2.2253,1.8344,7.29,true,2.05
neighborhood_cluster_250kw,250 kW neighborhood cluster,1.5,60,0.3,0.08,10,315000,14083.29,43211.24,35620.91,3.0683,2.5293,7.29,true,2
neighborhood_cluster_250kw,250 kW neighborhood cluster,1.5,60,0.3,0.06,10,315000,12839.52,43211.24,35620.91,3.3655,2.7743,7.29,true,2.1
neighborhood_cluster_250kw,250 kW neighborhood cluster,1.5,60,0.3,0.04,10,315000,11650.99,43211.24,35620.91,3.7088,3.0573,7.29,true,2.2
neighborhood_cluster_250kw,250 kW neighborhood cluster,2,0,0.7,0.08,10,787500,82152.51,57614.99,47494.55,0.7013,0.5781,13.67,false,1
neighborhood_cluster_250kw,250 kW neighborhood cluster,2,0,0.7,0.06,10,787500,74897.21,57614.99,47494.55,0.7693,0.6341,13.67,false,1.1
neighborhood_cluster_250kw,250 kW neighborhood cluster,2,0,0.7,0.04,10,787500,67964.13,57614.99,47494.55,0.8477,0.6988,13.67,false,1.2
neighborhood_cluster_250kw,250 kW neighborhood cluster,2,0,0.5,0.08,10,787500,58680.36,57614.99,47494.55,0.9818,0.8094,13.67,false,1.15
neighborhood_cluster_250kw,250 kW neighborhood cluster,2,0,0.5,0.06,10,787500,53498.01,57614.99,47494.55,1.077,0.8878,13.67,false,1.25
neighborhood_cluster_250kw,250 kW neighborhood cluster,2,0,0.5,0.04,10,787500,48545.81,57614.99,47494.55,1.1868,0.9783,13.67,false,1.35
neighborhood_cluster_250kw,250 kW neighborhood cluster,2,0,0.3,0.08,10,787500,35208.22,57614.99,47494.55,1.6364,1.349,13.67,true,1.3
neighborhood_cluster_250kw,250 kW neighborhood cluster,2,0,0.3,0.06,10,787500,32098.81,57614.99,47494.55,1.7949,1.4796,13.67,true,1.4
neighborhood_cluster_250kw,250 kW neighborhood cluster,2,0,0.3,0.04,10,787500,29127.49,57614.99,47494.55,1.978,1.6306,13.67,true,1.5
neighborhood_cluster_250kw,250 kW neighborhood cluster,2,15,0.7,0.08,10,669375,69829.63,57614.99,47494.55,0.8251,0.6801,11.62,false,1.3
neighborhood_cluster_250kw,250 kW neighborhood cluster,2,15,0.7,0.06,10,669375,63662.63,57614.99,47494.55,0.905,0.746,11.62,false,1.4
neighborhood_cluster_250kw,250 kW neighborhood cluster,2,15,0.7,0.04,10,669375,57769.51,57614.99,47494.55,0.9973,0.8221,11.62,false,1.5
neighborhood_cluster_250kw,250 kW neighborhood cluster,2,15,0.5,0.08,10,669375,49878.31,57614.99,47494.55,1.1551,0.9522,11.62,false,1.45
neighborhood_cluster_250kw,250 kW neighborhood cluster,2,15,0.5,0.06,10,669375,45473.31,57614.99,47494.55,1.267,1.0444,11.62,true,1.55
neighborhood_cluster_250kw,250 kW neighborhood cluster,2,15,0.5,0.04,10,669375,41263.94,57614.99,47494.55,1.3963,1.151,11.62,true,1.65
neighborhood_cluster_250kw,250 kW neighborhood cluster,2,15,0.3,0.08,10,669375,29926.98,57614.99,47494.55,1.9252,1.587,11.62,true,1.6
neighborhood_cluster_250kw,250 kW neighborhood cluster,2,15,0.3,0.06,10,669375,27283.98,57614.99,47494.55,2.1117,1.7407,11.62,true,1.7
neighborhood_cluster_250kw,250 kW neighborhood cluster,2,15,0.3,0.04,10,669375,24758.36,57614.99,47494.55,2.3271,1.9183,11.62,true,1.8
neighborhood_cluster_250kw,250 kW neighborhood cluster,2,30,0.7,0.08,10,551250,57506.75,57614.99,47494.55,1.0019,0.8259,9.57,false,1.6
neighborhood_cluster_250kw,250 kW neighborhood cluster,2,30,0.7,0.06,10,551250,52428.05,57614.99,47494.55,1.0989,0.9059,9.57,false,1.7
neighborhood_cluster_250kw,250 kW neighborhood cluster,2,30,0.7,0.04,10,551250,47574.89,57614.99,47494.55,1.211,0.9983,9.57,false,1.8
neighborhood_cluster_250kw,250 kW neighborhood cluster,2,30,0.5,0.08,10,551250,41076.25,57614.99,47494.55,1.4026,1.1563,9.57,true,1.75
neighborhood_cluster_250kw,250 kW neighborhood cluster,2,30,0.5,0.06,10,551250,37448.61,57614.99,47494.55,1.5385,1.2683,9.57,true,1.85
neighborhood_cluster_250kw,250 kW neighborhood cluster,2,30,0.5,0.04,10,551250,33982.07,57614.99,47494.55,1.6955,1.3976,9.57,true,1.95
neighborhood_cluster_250kw,250 kW neighborhood cluster,2,30,0.3,0.08,10,551250,24645.75,57614.99,47494.55,2.3377,1.9271,9.57,true,1.9
neighborhood_cluster_250kw,250 kW neighborhood cluster,2,30,0.3,0.06,10,551250,22469.16,57614.99,47494.55,2.5642,2.1138,9.57,true,2
neighborhood_cluster_250kw,250 kW neighborhood cluster,2,30,0.3,0.04,10,551250,20389.24,57614.99,47494.55,2.8258,2.3294,9.57,true,2.1
neighborhood_cluster_250kw,250 kW neighborhood cluster,2,45,0.7,0.08,10,433125,45183.88,57614.99,47494.55,1.2751,1.0511,7.52,true,1.9
neighborhood_cluster_250kw,250 kW neighborhood cluster,2,45,0.7,0.06,10,433125,41193.47,57614.99,47494.55,1.3986,1.153,7.52,true,2
neighborhood_cluster_250kw,250 kW neighborhood cluster,2,45,0.7,0.04,10,433125,37380.27,57614.99,47494.55,1.5413,1.2706,7.52,true,2.1
neighborhood_cluster_250kw,250 kW neighborhood cluster,2,45,0.5,0.08,10,433125,32274.2,57614.99,47494.55,1.7852,1.4716,7.52,true,2.05
neighborhood_cluster_250kw,250 kW neighborhood cluster,2,45,0.5,0.06,10,433125,29423.9,57614.99,47494.55,1.9581,1.6141,7.52,true,2.15
neighborhood_cluster_250kw,250 kW neighborhood cluster,2,45,0.5,0.04,10,433125,26700.2,57614.99,47494.55,2.1578,1.7788,7.52,true,2.25
neighborhood_cluster_250kw,250 kW neighborhood cluster,2,45,0.3,0.08,10,433125,19364.52,57614.99,47494.55,2.9753,2.4527,7.52,true,2.2
neighborhood_cluster_250kw,250 kW neighborhood cluster,2,45,0.3,0.06,10,433125,17654.34,57614.99,47494.55,3.2635,2.6902,7.52,true,2.3
neighborhood_cluster_250kw,250 kW neighborhood cluster,2,45,0.3,0.04,10,433125,16020.12,57614.99,47494.55,3.5964,2.9647,7.52,true,2.4
neighborhood_cluster_250kw,250 kW neighborhood cluster,2,60,0.7,0.08,10,315000,32861,57614.99,47494.55,1.7533,1.4453,5.47,true,2.2
neighborhood_cluster_250kw,250 kW neighborhood cluster,2,60,0.7,0.06,10,315000,29958.88,57614.99,47494.55,1.9231,1.5853,5.47,true,2.3
neighborhood_cluster_250kw,250 kW neighborhood cluster,2,60,0.7,0.04,10,315000,27185.65,57614.99,47494.55,2.1193,1.747,5.47,true,2.4
neighborhood_cluster_250kw,250 kW neighborhood cluster,2,60,0.5,0.08,10,315000,23472.14,57614.99,47494.55,2.4546,2.0234,5.47,true,2.35
neighborhood_cluster_250kw,250 kW neighborhood cluster,2,60,0.5,0.06,10,315000,21399.2,57614.99,47494.55,2.6924,2.2195,5.47,true,2.45
neighborhood_cluster_250kw,250 kW neighborhood cluster,2,60,0.5,0.04,10,315000,19418.32,57614.99,47494.55,2.967,2.4459,5.47,true,2.55
neighborhood_cluster_250kw,250 kW neighborhood cluster,2,60,0.3,0.08,10,315000,14083.29,57614.99,47494.55,4.091,3.3724,5.47,true,2.5
neighborhood_cluster_250kw,250 kW neighborhood cluster,2,60,0.3,0.06,10,315000,12839.52,57614.99,47494.55,4.4873,3.6991,5.47,true,2.6
neighborhood_cluster_250kw,250 kW neighborhood cluster,2,60,0.3,0.04,10,315000,11650.99,57614.99,47494.55,4.9451,4.0764,5.47,true,2.7
neighborhood_cluster_250kw,250 kW neighborhood cluster,2.5,0,0.7,0.08,10,787500,82152.51,72018.74,59368.18,0.8766,0.7227,10.93,false,1.5
neighborhood_cluster_250kw,250 kW neighborhood cluster,2.5,0,0.7,0.06,10,787500,74897.21,72018.74,59368.18,0.9616,0.7927,10.93,false,1.6
neighborhood_cluster_250kw,250 kW neighborhood cluster,2.5,0,0.7,0.04,10,787500,67964.13,72018.74,59368.18,1.0597,0.8735,10.93,false,1.7
neighborhood_cluster_250kw,250 kW neighborhood cluster,2.5,0,0.5,0.08,10,787500,58680.36,72018.74,59368.18,1.2273,1.0117,10.93,true,1.65
neighborhood_cluster_250kw,250 kW neighborhood cluster,2.5,0,0.5,0.06,10,787500,53498.01,72018.74,59368.18,1.3462,1.1097,10.93,true,1.75
neighborhood_cluster_250kw,250 kW neighborhood cluster,2.5,0,0.5,0.04,10,787500,48545.81,72018.74,59368.18,1.4835,1.2229,10.93,true,1.85
neighborhood_cluster_250kw,250 kW neighborhood cluster,2.5,0,0.3,0.08,10,787500,35208.22,72018.74,59368.18,2.0455,1.6862,10.93,true,1.8
neighborhood_cluster_250kw,250 kW neighborhood cluster,2.5,0,0.3,0.06,10,787500,32098.81,72018.74,59368.18,2.2437,1.8495,10.93,true,1.9
neighborhood_cluster_250kw,250 kW neighborhood cluster,2.5,0,0.3,0.04,10,787500,29127.49,72018.74,59368.18,2.4725,2.0382,10.93,true,2
neighborhood_cluster_250kw,250 kW neighborhood cluster,2.5,15,0.7,0.08,10,669375,69829.63,72018.74,59368.18,1.0313,0.8502,9.29,false,1.8
neighborhood_cluster_250kw,250 kW neighborhood cluster,2.5,15,0.7,0.06,10,669375,63662.63,72018.74,59368.18,1.1313,0.9325,9.29,false,1.9
neighborhood_cluster_250kw,250 kW neighborhood cluster,2.5,15,0.7,0.04,10,669375,57769.51,72018.74,59368.18,1.2467,1.0277,9.29,true,2
neighborhood_cluster_250kw,250 kW neighborhood cluster,2.5,15,0.5,0.08,10,669375,49878.31,72018.74,59368.18,1.4439,1.1903,9.29,true,1.95
neighborhood_cluster_250kw,250 kW neighborhood cluster,2.5,15,0.5,0.06,10,669375,45473.31,72018.74,59368.18,1.5838,1.3056,9.29,true,2.05
neighborhood_cluster_250kw,250 kW neighborhood cluster,2.5,15,0.5,0.04,10,669375,41263.94,72018.74,59368.18,1.7453,1.4387,9.29,true,2.15
neighborhood_cluster_250kw,250 kW neighborhood cluster,2.5,15,0.3,0.08,10,669375,29926.98,72018.74,59368.18,2.4065,1.9838,9.29,true,2.1
neighborhood_cluster_250kw,250 kW neighborhood cluster,2.5,15,0.3,0.06,10,669375,27283.98,72018.74,59368.18,2.6396,2.1759,9.29,true,2.2
neighborhood_cluster_250kw,250 kW neighborhood cluster,2.5,15,0.3,0.04,10,669375,24758.36,72018.74,59368.18,2.9089,2.3979,9.29,true,2.3
neighborhood_cluster_250kw,250 kW neighborhood cluster,2.5,30,0.7,0.08,10,551250,57506.75,72018.74,59368.18,1.2524,1.0324,7.65,true,2.1
neighborhood_cluster_250kw,250 kW neighborhood cluster,2.5,30,0.7,0.06,10,551250,52428.05,72018.74,59368.18,1.3737,1.1324,7.65,true,2.2
neighborhood_cluster_250kw,250 kW neighborhood cluster,2.5,30,0.7,0.04,10,551250,47574.89,72018.74,59368.18,1.5138,1.2479,7.65,true,2.3
neighborhood_cluster_250kw,250 kW neighborhood cluster,2.5,30,0.5,0.08,10,551250,41076.25,72018.74,59368.18,1.7533,1.4453,7.65,true,2.25
neighborhood_cluster_250kw,250 kW neighborhood cluster,2.5,30,0.5,0.06,10,551250,37448.61,72018.74,59368.18,1.9231,1.5853,7.65,true,2.35
neighborhood_cluster_250kw,250 kW neighborhood cluster,2.5,30,0.5,0.04,10,551250,33982.07,72018.74,59368.18,2.1193,1.747,7.65,true,2.45
neighborhood_cluster_250kw,250 kW neighborhood cluster,2.5,30,0.3,0.08,10,551250,24645.75,72018.74,59368.18,2.9222,2.4089,7.65,true,2.4
neighborhood_cluster_250kw,250 kW neighborhood cluster,2.5,30,0.3,0.06,10,551250,22469.16,72018.74,59368.18,3.2052,2.6422,7.65,true,2.5
neighborhood_cluster_250kw,250 kW neighborhood cluster,2.5,30,0.3,0.04,10,551250,20389.24,72018.74,59368.18,3.5322,2.9117,7.65,true,2.6
neighborhood_cluster_250kw,250 kW neighborhood cluster,2.5,45,0.7,0.08,10,433125,45183.88,72018.74,59368.18,1.5939,1.3139,6.01,true,2.4
neighborhood_cluster_250kw,250 kW neighborhood cluster,2.5,45,0.7,0.06,10,433125,41193.47,72018.74,59368.18,1.7483,1.4412,6.01,true,2.5
neighborhood_cluster_250kw,250 kW neighborhood cluster,2.5,45,0.7,0.04,10,433125,37380.27,72018.74,59368.18,1.9267,1.5882,6.01,true,2.6
neighborhood_cluster_250kw,250 kW neighborhood cluster,2.5,45,0.5,0.08,10,433125,32274.2,72018.74,59368.18,2.2315,1.8395,6.01,true,2.55
neighborhood_cluster_250kw,250 kW neighborhood cluster,2.5,45,0.5,0.06,10,433125,29423.9,72018.74,59368.18,2.4476,2.0177,6.01,true,2.65
neighborhood_cluster_250kw,250 kW neighborhood cluster,2.5,45,0.5,0.04,10,433125,26700.2,72018.74,59368.18,2.6973,2.2235,6.01,true,2.75
neighborhood_cluster_250kw,250 kW neighborhood cluster,2.5,45,0.3,0.08,10,433125,19364.52,72018.74,59368.18,3.7191,3.0658,6.01,true,2.7
neighborhood_cluster_250kw,250 kW neighborhood cluster,2.5,45,0.3,0.06,10,433125,17654.34,72018.74,59368.18,4.0794,3.3628,6.01,true,2.8
neighborhood_cluster_250kw,250 kW neighborhood cluster,2.5,45,0.3,0.04,10,433125,16020.12,72018.74,59368.18,4.4955,3.7059,6.01,true,2.9
neighborhood_cluster_250kw,250 kW neighborhood cluster,2.5,60,0.7,0.08,10,315000,32861,72018.74,59368.18,2.1916,1.8066,4.37,true,2.7
neighborhood_cluster_250kw,250 kW neighborhood cluster,2.5,60,0.7,0.06,10,315000,29958.88,72018.74,59368.18,2.4039,1.9817,4.37,true,2.8
neighborhood_cluster_250kw,250 kW neighborhood cluster,2.5,60,0.7,0.04,10,315000,27185.65,72018.74,59368.18,2.6491,2.1838,4.37,true,2.9
neighborhood_cluster_250kw,250 kW neighborhood cluster,2.5,60,0.5,0.08,10,315000,23472.14,72018.74,59368.18,3.0683,2.5293,4.37,true,2.85
neighborhood_cluster_250kw,250 kW neighborhood cluster,2.5,60,0.5,0.06,10,315000,21399.2,72018.74,59368.18,3.3655,2.7743,4.37,true,2.95
neighborhood_cluster_250kw,250 kW neighborhood cluster,2.5,60,0.5,0.04,10,315000,19418.32,72018.74,59368.18,3.7088,3.0573,4.37,true,3.05
neighborhood_cluster_250kw,250 kW neighborhood cluster,2.5,60,0.3,0.08,10,315000,14083.29,72018.74,59368.18,5.1138,4.2155,4.37,true,3
neighborhood_cluster_250kw,250 kW neighborhood cluster,2.5,60,0.3,0.06,10,315000,12839.52,72018.74,59368.18,5.6091,4.6239,4.37,true,3.1
neighborhood_cluster_250kw,250 kW neighborhood cluster,2.5,60,0.3,0.04,10,315000,11650.99,72018.74,59368.18,6.1813,5.0955,4.37,true,3.2
neighborhood_cluster_250kw,250 kW neighborhood cluster,3,0,0.7,0.08,10,787500,82152.51,86422.49,71241.82,1.052,0.8672,9.11,false,2
neighborhood_cluster_250kw,250 kW neighborhood cluster,3,0,0.7,0.06,10,787500,74897.21,86422.49,71241.82,1.1539,0.9512,9.11,false,2.1
neighborhood_cluster_250kw,250 kW neighborhood cluster,3,0,0.7,0.04,10,787500,67964.13,86422.49,71241.82,1.2716,1.0482,9.11,true,2.2
neighborhood_cluster_250kw,250 kW neighborhood cluster,3,0,0.5,0.08,10,787500,58680.36,86422.49,71241.82,1.4728,1.2141,9.11,true,2.15
neighborhood_cluster_250kw,250 kW neighborhood cluster,3,0,0.5,0.06,10,787500,53498.01,86422.49,71241.82,1.6154,1.3317,9.11,true,2.25
neighborhood_cluster_250kw,250 kW neighborhood cluster,3,0,0.5,0.04,10,787500,48545.81,86422.49,71241.82,1.7802,1.4675,9.11,true,2.35
neighborhood_cluster_250kw,250 kW neighborhood cluster,3,0,0.3,0.08,10,787500,35208.22,86422.49,71241.82,2.4546,2.0234,9.11,true,2.3
neighborhood_cluster_250kw,250 kW neighborhood cluster,3,0,0.3,0.06,10,787500,32098.81,86422.49,71241.82,2.6924,2.2195,9.11,true,2.4
neighborhood_cluster_250kw,250 kW neighborhood cluster,3,0,0.3,0.04,10,787500,29127.49,86422.49,71241.82,2.967,2.4459,9.11,true,2.5
neighborhood_cluster_250kw,250 kW neighborhood cluster,3,15,0.7,0.08,10,669375,69829.63,86422.49,71241.82,1.2376,1.0202,7.75,true,2.3
neighborhood_cluster_250kw,250 kW neighborhood cluster,3,15,0.7,0.06,10,669375,63662.63,86422.49,71241.82,1.3575,1.1191,7.75,true,2.4
neighborhood_cluster_250kw,250 kW neighborhood cluster,3,15,0.7,0.04,10,669375,57769.51,86422.49,71241.82,1.496,1.2332,7.75,true,2.5
neighborhood_cluster_250kw,250 kW neighborhood cluster,3,15,0.5,0.08,10,669375,49878.31,86422.49,71241.82,1.7327,1.4283,7.75,true,2.45
neighborhood_cluster_250kw,250 kW neighborhood cluster,3,15,0.5,0.06,10,669375,45473.31,86422.49,71241.82,1.9005,1.5667,7.75,true,2.55
neighborhood_cluster_250kw,250 kW neighborhood cluster,3,15,0.5,0.04,10,669375,41263.94,86422.49,71241.82,2.0944,1.7265,7.75,true,2.65
neighborhood_cluster_250kw,250 kW neighborhood cluster,3,15,0.3,0.08,10,669375,29926.98,86422.49,71241.82,2.8878,2.3805,7.75,true,2.6
neighborhood_cluster_250kw,250 kW neighborhood cluster,3,15,0.3,0.06,10,669375,27283.98,86422.49,71241.82,3.1675,2.6111,7.75,true,2.7
neighborhood_cluster_250kw,250 kW neighborhood cluster,3,15,0.3,0.04,10,669375,24758.36,86422.49,71241.82,3.4906,2.8775,7.75,true,2.8
neighborhood_cluster_250kw,250 kW neighborhood cluster,3,30,0.7,0.08,10,551250,57506.75,86422.49,71241.82,1.5028,1.2388,6.38,true,2.6
neighborhood_cluster_250kw,250 kW neighborhood cluster,3,30,0.7,0.06,10,551250,52428.05,86422.49,71241.82,1.6484,1.3588,6.38,true,2.7
neighborhood_cluster_250kw,250 kW neighborhood cluster,3,30,0.7,0.04,10,551250,47574.89,86422.49,71241.82,1.8166,1.4975,6.38,true,2.8
neighborhood_cluster_250kw,250 kW neighborhood cluster,3,30,0.5,0.08,10,551250,41076.25,86422.49,71241.82,2.104,1.7344,6.38,true,2.75
neighborhood_cluster_250kw,250 kW neighborhood cluster,3,30,0.5,0.06,10,551250,37448.61,86422.49,71241.82,2.3078,1.9024,6.38,true,2.85
neighborhood_cluster_250kw,250 kW neighborhood cluster,3,30,0.5,0.04,10,551250,33982.07,86422.49,71241.82,2.5432,2.0965,6.38,true,2.95
neighborhood_cluster_250kw,250 kW neighborhood cluster,3,30,0.3,0.08,10,551250,24645.75,86422.49,71241.82,3.5066,2.8906,6.38,true,2.9
neighborhood_cluster_250kw,250 kW neighborhood cluster,3,30,0.3,0.06,10,551250,22469.16,86422.49,71241.82,3.8463,3.1706,6.38,true,3
neighborhood_cluster_250kw,250 kW neighborhood cluster,3,30,0.3,0.04,10,551250,20389.24,86422.49,71241.82,4.2386,3.4941,6.38,true,3.1
neighborhood_cluster_250kw,250 kW neighborhood cluster,3,45,0.7,0.08,10,433125,45183.88,86422.49,71241.82,1.9127,1.5767,5.01,true,2.9
neighborhood_cluster_250kw,250 kW neighborhood cluster,3,45,0.7,0.06,10,433125,41193.47,86422.49,71241.82,2.098,1.7294,5.01,true,3
neighborhood_cluster_250kw,250 kW neighborhood cluster,3,45,0.7,0.04,10,433125,37380.27,86422.49,71241.82,2.312,1.9059,5.01,true,3.1
neighborhood_cluster_250kw,250 kW neighborhood cluster,3,45,0.5,0.08,10,433125,32274.2,86422.49,71241.82,2.6778,2.2074,5.01,true,3.05
neighborhood_cluster_250kw,250 kW neighborhood cluster,3,45,0.5,0.06,10,433125,29423.9,86422.49,71241.82,2.9372,2.4212,5.01,true,3.15
neighborhood_cluster_250kw,250 kW neighborhood cluster,3,45,0.5,0.04,10,433125,26700.2,86422.49,71241.82,3.2368,2.6682,5.01,true,3.25
neighborhood_cluster_250kw,250 kW neighborhood cluster,3,45,0.3,0.08,10,433125,19364.52,86422.49,71241.82,4.4629,3.679,5.01,true,3.2
neighborhood_cluster_250kw,250 kW neighborhood cluster,3,45,0.3,0.06,10,433125,17654.34,86422.49,71241.82,4.8953,4.0354,5.01,true,3.3
neighborhood_cluster_250kw,250 kW neighborhood cluster,3,45,0.3,0.04,10,433125,16020.12,86422.49,71241.82,5.3946,4.447,5.01,true,3.4
neighborhood_cluster_250kw,250 kW neighborhood cluster,3,60,0.7,0.08,10,315000,32861,86422.49,71241.82,2.6299,2.168,3.64,true,3.2
neighborhood_cluster_250kw,250 kW neighborhood cluster,3,60,0.7,0.06,10,315000,29958.88,86422.49,71241.82,2.8847,2.378,3.64,true,3.3
neighborhood_cluster_250kw,250 kW neighborhood cluster,3,60,0.7,0.04,10,315000,27185.65,86422.49,71241.82,3.179,2.6206,3.64,true,3.4
neighborhood_cluster_250kw,250 kW neighborhood cluster,3,60,0.5,0.08,10,315000,23472.14,86422.49,71241.82,3.6819,3.0352,3.64,true,3.35
neighborhood_cluster_250kw,250 kW neighborhood cluster,3,60,0.5,0.06,10,315000,21399.2,86422.49,71241.82,4.0386,3.3292,3.64,true,3.45
neighborhood_cluster_250kw,250 kW neighborhood cluster,3,60,0.5,0.04,10,315000,19418.32,86422.49,71241.82,4.4506,3.6688,3.64,true,3.55
neighborhood_cluster_250kw,250 kW neighborhood cluster,3,60,0.3,0.08,10,315000,14083.29,86422.49,71241.82,6.1365,5.0586,3.64,true,3.5
neighborhood_cluster_250kw,250 kW neighborhood cluster,3,60,0.3,0.06,10,315000,12839.52,86422.49,71241.82,6.731,5.5486,3.64,true,3.6
neighborhood_cluster_250kw,250 kW neighborhood cluster,3,60,0.3,0.04,10,315000,11650.99,86422.49,71241.82,7.4176,6.1147,3.64,true,3.7
neighborhood_cluster_250kw,250 kW neighborhood cluster,3.5,0,0.7,0.08,10,787500,82152.51,100826.24,83115.45,1.2273,1.0117,7.81,true,2.5
neighborhood_cluster_250kw,250 kW neighborhood cluster,3.5,0,0.7,0.06,10,787500,74897.21,100826.24,83115.45,1.3462,1.1097,7.81,true,2.6
neighborhood_cluster_250kw,250 kW neighborhood cluster,3.5,0,0.7,0.04,10,787500,67964.13,100826.24,83115.45,1.4835,1.2229,7.81,true,2.7
neighborhood_cluster_250kw,250 kW neighborhood cluster,3.5,0,0.5,0.08,10,787500,58680.36,100826.24,83115.45,1.7182,1.4164,7.81,true,2.65
neighborhood_cluster_250kw,250 kW neighborhood cluster,3.5,0,0.5,0.06,10,787500,53498.01,100826.24,83115.45,1.8847,1.5536,7.81,true,2.75
neighborhood_cluster_250kw,250 kW neighborhood cluster,3.5,0,0.5,0.04,10,787500,48545.81,100826.24,83115.45,2.0769,1.7121,7.81,true,2.85
neighborhood_cluster_250kw,250 kW neighborhood cluster,3.5,0,0.3,0.08,10,787500,35208.22,100826.24,83115.45,2.8637,2.3607,7.81,true,2.8
neighborhood_cluster_250kw,250 kW neighborhood cluster,3.5,0,0.3,0.06,10,787500,32098.81,100826.24,83115.45,3.1411,2.5894,7.81,true,2.9
neighborhood_cluster_250kw,250 kW neighborhood cluster,3.5,0,0.3,0.04,10,787500,29127.49,100826.24,83115.45,3.4615,2.8535,7.81,true,3
neighborhood_cluster_250kw,250 kW neighborhood cluster,3.5,15,0.7,0.08,10,669375,69829.63,100826.24,83115.45,1.4439,1.1903,6.64,true,2.8
neighborhood_cluster_250kw,250 kW neighborhood cluster,3.5,15,0.7,0.06,10,669375,63662.63,100826.24,83115.45,1.5838,1.3056,6.64,true,2.9
neighborhood_cluster_250kw,250 kW neighborhood cluster,3.5,15,0.7,0.04,10,669375,57769.51,100826.24,83115.45,1.7453,1.4387,6.64,true,3
neighborhood_cluster_250kw,250 kW neighborhood cluster,3.5,15,0.5,0.08,10,669375,49878.31,100826.24,83115.45,2.0214,1.6664,6.64,true,2.95
neighborhood_cluster_250kw,250 kW neighborhood cluster,3.5,15,0.5,0.06,10,669375,45473.31,100826.24,83115.45,2.2173,1.8278,6.64,true,3.05
neighborhood_cluster_250kw,250 kW neighborhood cluster,3.5,15,0.5,0.04,10,669375,41263.94,100826.24,83115.45,2.4434,2.0142,6.64,true,3.15
neighborhood_cluster_250kw,250 kW neighborhood cluster,3.5,15,0.3,0.08,10,669375,29926.98,100826.24,83115.45,3.3691,2.7773,6.64,true,3.1
neighborhood_cluster_250kw,250 kW neighborhood cluster,3.5,15,0.3,0.06,10,669375,27283.98,100826.24,83115.45,3.6954,3.0463,6.64,true,3.2
neighborhood_cluster_250kw,250 kW neighborhood cluster,3.5,15,0.3,0.04,10,669375,24758.36,100826.24,83115.45,4.0724,3.3571,6.64,true,3.3
neighborhood_cluster_250kw,250 kW neighborhood cluster,3.5,30,0.7,0.08,10,551250,57506.75,100826.24,83115.45,1.7533,1.4453,5.47,true,3.1
neighborhood_cluster_250kw,250 kW neighborhood cluster,3.5,30,0.7,0.06,10,551250,52428.05,100826.24,83115.45,1.9231,1.5853,5.47,true,3.2
neighborhood_cluster_250kw,250 kW neighborhood cluster,3.5,30,0.7,0.04,10,551250,47574.89,100826.24,83115.45,2.1193,1.747,5.47,true,3.3
neighborhood_cluster_250kw,250 kW neighborhood cluster,3.5,30,0.5,0.08,10,551250,41076.25,100826.24,83115.45,2.4546,2.0234,5.47,true,3.25
neighborhood_cluster_250kw,250 kW neighborhood cluster,3.5,30,0.5,0.06,10,551250,37448.61,100826.24,83115.45,2.6924,2.2195,5.47,true,3.35
neighborhood_cluster_250kw,250 kW neighborhood cluster,3.5,30,0.5,0.04,10,551250,33982.07,100826.24,83115.45,2.967,2.4459,5.47,true,3.45
neighborhood_cluster_250kw,250 kW neighborhood cluster,3.5,30,0.3,0.08,10,551250,24645.75,100826.24,83115.45,4.091,3.3724,5.47,true,3.4
neighborhood_cluster_250kw,250 kW neighborhood cluster,3.5,30,0.3,0.06,10,551250,22469.16,100826.24,83115.45,4.4873,3.6991,5.47,true,3.5
neighborhood_cluster_250kw,250 kW neighborhood cluster,3.5,30,0.3,0.04,10,551250,20389.24,100826.24,83115.45,4.9451,4.0764,5.47,true,3.6
neighborhood_cluster_250kw,250 kW neighborhood cluster,3.5,45,0.7,0.08,10,433125,45183.88,100826.24,83115.45,2.2315,1.8395,4.3,true,3.4
neighborhood_cluster_250kw,250 kW neighborhood cluster,3.5,45,0.7,0.06,10,433125,41193.47,100826.24,83115.45,2.4476,2.0177,4.3,true,3.5
neighborhood_cluster_250kw,250 kW neighborhood cluster,3.5,45,0.7,0.04,10,433125,37380.27,100826.24,83115.45,2.6973,2.2235,4.3,true,3.6
neighborhood_cluster_250kw,250 kW neighborhood cluster,3.5,45,0.5,0.08,10,433125,32274.2,100826.24,83115.45,3.1241,2.5753,4.3,true,3.55
neighborhood_cluster_250kw,250 kW neighborhood cluster,3.5,45,0.5,0.06,10,433125,29423.9,100826.24,83115.45,3.4267,2.8248,4.3,true,3.65
neighborhood_cluster_250kw,250 kW neighborhood cluster,3.5,45,0.5,0.04,10,433125,26700.2,100826.24,83115.45,3.7762,3.1129,4.3,true,3.75
neighborhood_cluster_250kw,250 kW neighborhood cluster,3.5,45,0.3,0.08,10,433125,19364.52,100826.24,83115.45,5.2068,4.2922,4.3,true,3.7
neighborhood_cluster_250kw,250 kW neighborhood cluster,3.5,45,0.3,0.06,10,433125,17654.34,100826.24,83115.45,5.7111,4.7079,4.3,true,3.8
neighborhood_cluster_250kw,250 kW neighborhood cluster,3.5,45,0.3,0.04,10,433125,16020.12,100826.24,83115.45,6.2937,5.1882,4.3,true,3.9
neighborhood_cluster_250kw,250 kW neighborhood cluster,3.5,60,0.7,0.08,10,315000,32861,100826.24,83115.45,3.0683,2.5293,3.12,true,3.7
neighborhood_cluster_250kw,250 kW neighborhood cluster,3.5,60,0.7,0.06,10,315000,29958.88,100826.24,83115.45,3.3655,2.7743,3.12,true,3.8
neighborhood_cluster_250kw,250 kW neighborhood cluster,3.5,60,0.7,0.04,10,315000,27185.65,100826.24,83115.45,3.7088,3.0573,3.12,true,3.9
neighborhood_cluster_250kw,250 kW neighborhood cluster,3.5,60,0.5,0.08,10,315000,23472.14,100826.24,83115.45,4.2956,3.541,3.12,true,3.85
neighborhood_cluster_250kw,250 kW neighborhood cluster,3.5,60,0.5,0.06,10,315000,21399.2,100826.24,83115.45,4.7117,3.884,3.12,true,3.95
neighborhood_cluster_250kw,250 kW neighborhood cluster,3.5,60,0.5,0.04,10,315000,19418.32,100826.24,83115.45,5.1923,4.2803,3.12,true,4.05
neighborhood_cluster_250kw,250 kW neighborhood cluster,3.5,60,0.3,0.08,10,315000,14083.29,100826.24,83115.45,7.1593,5.9017,3.12,true,4
neighborhood_cluster_250kw,250 kW neighborhood cluster,3.5,60,0.3,0.06,10,315000,12839.52,100826.24,83115.45,7.8528,6.4734,3.12,true,4.1
neighborhood_cluster_250kw,250 kW neighborhood cluster,3.5,60,0.3,0.04,10,315000,11650.99,100826.24,83115.45,8.6539,7.1338,3.12,true,4.2
neighborhood_cluster_250kw,250 kW neighborhood cluster,4,0,0.7,0.08,10,787500,82152.51,115229.98,94989.09,1.4026,1.1563,6.83,true,3
neighborhood_cluster_250kw,250 kW neighborhood cluster,4,0,0.7,0.06,10,787500,74897.21,115229.98,94989.09,1.5385,1.2683,6.83,true,3.1
neighborhood_cluster_250kw,250 kW neighborhood cluster,4,0,0.7,0.04,10,787500,67964.13,115229.98,94989.09,1.6955,1.3976,6.83,true,3.2
neighborhood_cluster_250kw,250 kW neighborhood cluster,4,0,0.5,0.08,10,787500,58680.36,115229.98,94989.09,1.9637,1.6188,6.83,true,3.15
neighborhood_cluster_250kw,250 kW neighborhood cluster,4,0,0.5,0.06,10,787500,53498.01,115229.98,94989.09,2.1539,1.7756,6.83,true,3.25
neighborhood_cluster_250kw,250 kW neighborhood cluster,4,0,0.5,0.04,10,787500,48545.81,115229.98,94989.09,2.3736,1.9567,6.83,true,3.35
neighborhood_cluster_250kw,250 kW neighborhood cluster,4,0,0.3,0.08,10,787500,35208.22,115229.98,94989.09,3.2728,2.6979,6.83,true,3.3
neighborhood_cluster_250kw,250 kW neighborhood cluster,4,0,0.3,0.06,10,787500,32098.81,115229.98,94989.09,3.5899,2.9593,6.83,true,3.4
neighborhood_cluster_250kw,250 kW neighborhood cluster,4,0,0.3,0.04,10,787500,29127.49,115229.98,94989.09,3.9561,3.2611,6.83,true,3.5
neighborhood_cluster_250kw,250 kW neighborhood cluster,4,15,0.7,0.08,10,669375,69829.63,115229.98,94989.09,1.6502,1.3603,5.81,true,3.3
neighborhood_cluster_250kw,250 kW neighborhood cluster,4,15,0.7,0.06,10,669375,63662.63,115229.98,94989.09,1.81,1.4921,5.81,true,3.4
neighborhood_cluster_250kw,250 kW neighborhood cluster,4,15,0.7,0.04,10,669375,57769.51,115229.98,94989.09,1.9947,1.6443,5.81,true,3.5
neighborhood_cluster_250kw,250 kW neighborhood cluster,4,15,0.5,0.08,10,669375,49878.31,115229.98,94989.09,2.3102,1.9044,5.81,true,3.45
neighborhood_cluster_250kw,250 kW neighborhood cluster,4,15,0.5,0.06,10,669375,45473.31,115229.98,94989.09,2.534,2.0889,5.81,true,3.55
neighborhood_cluster_250kw,250 kW neighborhood cluster,4,15,0.5,0.04,10,669375,41263.94,115229.98,94989.09,2.7925,2.302,5.81,true,3.65
neighborhood_cluster_250kw,250 kW neighborhood cluster,4,15,0.3,0.08,10,669375,29926.98,115229.98,94989.09,3.8504,3.174,5.81,true,3.6
neighborhood_cluster_250kw,250 kW neighborhood cluster,4,15,0.3,0.06,10,669375,27283.98,115229.98,94989.09,4.2234,3.4815,5.81,true,3.7
neighborhood_cluster_250kw,250 kW neighborhood cluster,4,15,0.3,0.04,10,669375,24758.36,115229.98,94989.09,4.6542,3.8366,5.81,true,3.8
neighborhood_cluster_250kw,250 kW neighborhood cluster,4,30,0.7,0.08,10,551250,57506.75,115229.98,94989.09,2.0038,1.6518,4.78,true,3.6
neighborhood_cluster_250kw,250 kW neighborhood cluster,4,30,0.7,0.06,10,551250,52428.05,115229.98,94989.09,2.1979,1.8118,4.78,true,3.7
neighborhood_cluster_250kw,250 kW neighborhood cluster,4,30,0.7,0.04,10,551250,47574.89,115229.98,94989.09,2.4221,1.9966,4.78,true,3.8
neighborhood_cluster_250kw,250 kW neighborhood cluster,4,30,0.5,0.08,10,551250,41076.25,115229.98,94989.09,2.8053,2.3125,4.78,true,3.75
neighborhood_cluster_250kw,250 kW neighborhood cluster,4,30,0.5,0.06,10,551250,37448.61,115229.98,94989.09,3.077,2.5365,4.78,true,3.85
neighborhood_cluster_250kw,250 kW neighborhood cluster,4,30,0.5,0.04,10,551250,33982.07,115229.98,94989.09,3.3909,2.7953,4.78,true,3.95
neighborhood_cluster_250kw,250 kW neighborhood cluster,4,30,0.3,0.08,10,551250,24645.75,115229.98,94989.09,4.6755,3.8542,4.78,true,3.9
neighborhood_cluster_250kw,250 kW neighborhood cluster,4,30,0.3,0.06,10,551250,22469.16,115229.98,94989.09,5.1284,4.2275,4.78,true,4
neighborhood_cluster_250kw,250 kW neighborhood cluster,4,30,0.3,0.04,10,551250,20389.24,115229.98,94989.09,5.6515,4.6588,4.78,true,4.1
neighborhood_cluster_250kw,250 kW neighborhood cluster,4,45,0.7,0.08,10,433125,45183.88,115229.98,94989.09,2.5502,2.1023,3.76,true,3.9
neighborhood_cluster_250kw,250 kW neighborhood cluster,4,45,0.7,0.06,10,433125,41193.47,115229.98,94989.09,2.7973,2.3059,3.76,true,4
neighborhood_cluster_250kw,250 kW neighborhood cluster,4,45,0.7,0.04,10,433125,37380.27,115229.98,94989.09,3.0826,2.5412,3.76,true,4.1
neighborhood_cluster_250kw,250 kW neighborhood cluster,4,45,0.5,0.08,10,433125,32274.2,115229.98,94989.09,3.5703,2.9432,3.76,true,4.05
neighborhood_cluster_250kw,250 kW neighborhood cluster,4,45,0.5,0.06,10,433125,29423.9,115229.98,94989.09,3.9162,3.2283,3.76,true,4.15
neighborhood_cluster_250kw,250 kW neighborhood cluster,4,45,0.5,0.04,10,433125,26700.2,115229.98,94989.09,4.3157,3.5576,3.76,true,4.25
neighborhood_cluster_250kw,250 kW neighborhood cluster,4,45,0.3,0.08,10,433125,19364.52,115229.98,94989.09,5.9506,4.9053,3.76,true,4.2
neighborhood_cluster_250kw,250 kW neighborhood cluster,4,45,0.3,0.06,10,433125,17654.34,115229.98,94989.09,6.527,5.3805,3.76,true,4.3
neighborhood_cluster_250kw,250 kW neighborhood cluster,4,45,0.3,0.04,10,433125,16020.12,115229.98,94989.09,7.1928,5.9294,3.76,true,4.4
neighborhood_cluster_250kw,250 kW neighborhood cluster,4,60,0.7,0.08,10,315000,32861,115229.98,94989.09,3.5066,2.8906,2.73,true,4.2
neighborhood_cluster_250kw,250 kW neighborhood cluster,4,60,0.7,0.06,10,315000,29958.88,115229.98,94989.09,3.8463,3.1706,2.73,true,4.3
neighborhood_cluster_250kw,250 kW neighborhood cluster,4,60,0.7,0.04,10,315000,27185.65,115229.98,94989.09,4.2386,3.4941,2.73,true,4.4
neighborhood_cluster_250kw,250 kW neighborhood cluster,4,60,0.5,0.08,10,315000,23472.14,115229.98,94989.09,4.9092,4.0469,2.73,true,4.35
neighborhood_cluster_250kw,250 kW neighborhood cluster,4,60,0.5,0.06,10,315000,21399.2,115229.98,94989.09,5.3848,4.4389,2.73,true,4.45
neighborhood_cluster_250kw,250 kW neighborhood cluster,4,60,0.5,0.04,10,315000,19418.32,115229.98,94989.09,5.9341,4.8917,2.73,true,4.55
neighborhood_cluster_250kw,250 kW neighborhood cluster,4,60,0.3,0.08,10,315000,14083.29,115229.98,94989.09,8.182,6.7448,2.73,true,4.5
neighborhood_cluster_250kw,250 kW neighborhood cluster,4,60,0.3,0.06,10,315000,12839.52,115229.98,94989.09,8.9746,7.3982,2.73,true,4.6
neighborhood_cluster_250kw,250 kW neighborhood cluster,4,60,0.3,0.04,10,315000,11650.99,115229.98,94989.09,9.8901,8.1529,2.73,true,4.7
neighborhood_cluster_250kw,250 kW neighborhood cluster,5,0,0.7,0.08,10,787500,82152.51,144037.48,118736.36,1.7533,1.4453,5.47,true,4
neighborhood_cluster_250kw,250 kW neighborhood cluster,5,0,0.7,0.06,10,787500,74897.21,144037.48,118736.36,1.9231,1.5853,5.47,true,4.1
neighborhood_cluster_250kw,250 kW neighborhood cluster,5,0,0.7,0.04,10,787500,67964.13,144037.48,118736.36,2.1193,1.747,5.47,true,4.2
neighborhood_cluster_250kw,250 kW neighborhood cluster,5,0,0.5,0.08,10,787500,58680.36,144037.48,118736.36,2.4546,2.0234,5.47,true,4.15
neighborhood_cluster_250kw,250 kW neighborhood cluster,5,0,0.5,0.06,10,787500,53498.01,144037.48,118736.36,2.6924,2.2195,5.47,true,4.25
neighborhood_cluster_250kw,250 kW neighborhood cluster,5,0,0.5,0.04,10,787500,48545.81,144037.48,118736.36,2.967,2.4459,5.47,true,4.35
neighborhood_cluster_250kw,250 kW neighborhood cluster,5,0,0.3,0.08,10,787500,35208.22,144037.48,118736.36,4.091,3.3724,5.47,true,4.3
neighborhood_cluster_250kw,250 kW neighborhood cluster,5,0,0.3,0.06,10,787500,32098.81,144037.48,118736.36,4.4873,3.6991,5.47,true,4.4
neighborhood_cluster_250kw,250 kW neighborhood cluster,5,0,0.3,0.04,10,787500,29127.49,144037.48,118736.36,4.9451,4.0764,5.47,true,4.5
neighborhood_cluster_250kw,250 kW neighborhood cluster,5,15,0.7,0.08,10,669375,69829.63,144037.48,118736.36,2.0627,1.7004,4.65,true,4.3
neighborhood_cluster_250kw,250 kW neighborhood cluster,5,15,0.7,0.06,10,669375,63662.63,144037.48,118736.36,2.2625,1.8651,4.65,true,4.4
neighborhood_cluster_250kw,250 kW neighborhood cluster,5,15,0.7,0.04,10,669375,57769.51,144037.48,118736.36,2.4933,2.0553,4.65,true,4.5
neighborhood_cluster_250kw,250 kW neighborhood cluster,5,15,0.5,0.08,10,669375,49878.31,144037.48,118736.36,2.8878,2.3805,4.65,true,4.45
neighborhood_cluster_250kw,250 kW neighborhood cluster,5,15,0.5,0.06,10,669375,45473.31,144037.48,118736.36,3.1675,2.6111,4.65,true,4.55
neighborhood_cluster_250kw,250 kW neighborhood cluster,5,15,0.5,0.04,10,669375,41263.94,144037.48,118736.36,3.4906,2.8775,4.65,true,4.65
neighborhood_cluster_250kw,250 kW neighborhood cluster,5,15,0.3,0.08,10,669375,29926.98,144037.48,118736.36,4.813,3.9675,4.65,true,4.6
neighborhood_cluster_250kw,250 kW neighborhood cluster,5,15,0.3,0.06,10,669375,27283.98,144037.48,118736.36,5.2792,4.3519,4.65,true,4.7
neighborhood_cluster_250kw,250 kW neighborhood cluster,5,15,0.3,0.04,10,669375,24758.36,144037.48,118736.36,5.8177,4.7958,4.65,true,4.8
neighborhood_cluster_250kw,250 kW neighborhood cluster,5,30,0.7,0.08,10,551250,57506.75,144037.48,118736.36,2.5047,2.0647,3.83,true,4.6
neighborhood_cluster_250kw,250 kW neighborhood cluster,5,30,0.7,0.06,10,551250,52428.05,144037.48,118736.36,2.7473,2.2647,3.83,true,4.7
neighborhood_cluster_250kw,250 kW neighborhood cluster,5,30,0.7,0.04,10,551250,47574.89,144037.48,118736.36,3.0276,2.4958,3.83,true,4.8
neighborhood_cluster_250kw,250 kW neighborhood cluster,5,30,0.5,0.08,10,551250,41076.25,144037.48,118736.36,3.5066,2.8906,3.83,true,4.75
neighborhood_cluster_250kw,250 kW neighborhood cluster,5,30,0.5,0.06,10,551250,37448.61,144037.48,118736.36,3.8463,3.1706,3.83,true,4.85
neighborhood_cluster_250kw,250 kW neighborhood cluster,5,30,0.5,0.04,10,551250,33982.07,144037.48,118736.36,4.2386,3.4941,3.83,true,4.95
neighborhood_cluster_250kw,250 kW neighborhood cluster,5,30,0.3,0.08,10,551250,24645.75,144037.48,118736.36,5.8443,4.8177,3.83,true,4.9
neighborhood_cluster_250kw,250 kW neighborhood cluster,5,30,0.3,0.06,10,551250,22469.16,144037.48,118736.36,6.4105,5.2844,3.83,true,5
neighborhood_cluster_250kw,250 kW neighborhood cluster,5,30,0.3,0.04,10,551250,20389.24,144037.48,118736.36,7.0644,5.8235,3.83,true,5.1
neighborhood_cluster_250kw,250 kW neighborhood cluster,5,45,0.7,0.08,10,433125,45183.88,144037.48,118736.36,3.1878,2.6278,3.01,true,4.9
neighborhood_cluster_250kw,250 kW neighborhood cluster,5,45,0.7,0.06,10,433125,41193.47,144037.48,118736.36,3.4966,2.8824,3.01,true,5
neighborhood_cluster_250kw,250 kW neighborhood cluster,5,45,0.7,0.04,10,433125,37380.27,144037.48,118736.36,3.8533,3.1764,3.01,true,5.1
neighborhood_cluster_250kw,250 kW neighborhood cluster,5,45,0.5,0.08,10,433125,32274.2,144037.48,118736.36,4.4629,3.679,3.01,true,5.05
neighborhood_cluster_250kw,250 kW neighborhood cluster,5,45,0.5,0.06,10,433125,29423.9,144037.48,118736.36,4.8953,4.0354,3.01,true,5.15
neighborhood_cluster_250kw,250 kW neighborhood cluster,5,45,0.5,0.04,10,433125,26700.2,144037.48,118736.36,5.3946,4.447,3.01,true,5.25
neighborhood_cluster_250kw,250 kW neighborhood cluster,5,45,0.3,0.08,10,433125,19364.52,144037.48,118736.36,7.4382,6.1316,3.01,true,5.2
neighborhood_cluster_250kw,250 kW neighborhood cluster,5,45,0.3,0.06,10,433125,17654.34,144037.48,118736.36,8.1588,6.7256,3.01,true,5.3
neighborhood_cluster_250kw,250 kW neighborhood cluster,5,45,0.3,0.04,10,433125,16020.12,144037.48,118736.36,8.991,7.4117,3.01,true,5.4
neighborhood_cluster_250kw,250 kW neighborhood cluster,5,60,0.7,0.08,10,315000,32861,144037.48,118736.36,4.3832,3.6133,2.19,true,5.2
neighborhood_cluster_250kw,250 kW neighborhood cluster,5,60,0.7,0.06,10,315000,29958.88,144037.48,118736.36,4.8078,3.9633,2.19,true,5.3
neighborhood_cluster_250kw,250 kW neighborhood cluster,5,60,0.7,0.04,10,315000,27185.65,144037.48,118736.36,5.2983,4.3676,2.19,true,5.4
neighborhood_cluster_250kw,250 kW neighborhood cluster,5,60,0.5,0.08,10,315000,23472.14,144037.48,118736.36,6.1365,5.0586,2.19,true,5.35
neighborhood_cluster_250kw,250 kW neighborhood cluster,5,60,0.5,0.06,10,315000,21399.2,144037.48,118736.36,6.731,5.5486,2.19,true,5.45
neighborhood_cluster_250kw,250 kW neighborhood cluster,5,60,0.5,0.04,10,315000,19418.32,144037.48,118736.36,7.4176,6.1147,2.19,true,5.55
neighborhood_cluster_250kw,250 kW neighborhood cluster,5,60,0.3,0.08,10,315000,14083.29,144037.48,118736.36,10.2275,8.431,2.19,true,5.5
neighborhood_cluster_250kw,250 kW neighborhood cluster,5,60,0.3,0.06,10,315000,12839.52,144037.48,118736.36,11.2183,9.2477,2.19,true,5.6
neighborhood_cluster_250kw,250 kW neighborhood cluster,5,60,0.3,0.04,10,315000,11650.99,144037.48,118736.36,12.3627,10.1911,2.19,true,5.7
commercial_portfolio_1mw,1 MW commercial portfolio,1,0,0.7,0.08,10,3150000,328610.02,123676.16,101951.64,0.3764,0.3103,25.47,false,0
commercial_portfolio_1mw,1 MW commercial portfolio,1,0,0.7,0.06,10,3150000,299588.85,123676.16,101951.64,0.4128,0.3403,25.47,false,0.1
commercial_portfolio_1mw,1 MW commercial portfolio,1,0,0.7,0.04,10,3150000,271856.53,123676.16,101951.64,0.4549,0.375,25.47,false,0.2
commercial_portfolio_1mw,1 MW commercial portfolio,1,0,0.5,0.08,10,3150000,234721.44,123676.16,101951.64,0.5269,0.4344,25.47,false,0.15
commercial_portfolio_1mw,1 MW commercial portfolio,1,0,0.5,0.06,10,3150000,213992.03,123676.16,101951.64,0.5779,0.4764,25.47,false,0.25
commercial_portfolio_1mw,1 MW commercial portfolio,1,0,0.5,0.04,10,3150000,194183.24,123676.16,101951.64,0.6369,0.525,25.47,false,0.35
commercial_portfolio_1mw,1 MW commercial portfolio,1,0,0.3,0.08,10,3150000,140832.87,123676.16,101951.64,0.8782,0.7239,25.47,false,0.3
commercial_portfolio_1mw,1 MW commercial portfolio,1,0,0.3,0.06,10,3150000,128395.22,123676.16,101951.64,0.9632,0.794,25.47,false,0.4
commercial_portfolio_1mw,1 MW commercial portfolio,1,0,0.3,0.04,10,3150000,116509.94,123676.16,101951.64,1.0615,0.875,25.47,false,0.5
commercial_portfolio_1mw,1 MW commercial portfolio,1,15,0.7,0.08,10,2677500,279318.52,123676.16,101951.64,0.4428,0.365,21.65,false,0.3
commercial_portfolio_1mw,1 MW commercial portfolio,1,15,0.7,0.06,10,2677500,254650.52,123676.16,101951.64,0.4857,0.4004,21.65,false,0.4
commercial_portfolio_1mw,1 MW commercial portfolio,1,15,0.7,0.04,10,2677500,231078.05,123676.16,101951.64,0.5352,0.4412,21.65,false,0.5
commercial_portfolio_1mw,1 MW commercial portfolio,1,15,0.5,0.08,10,2677500,199513.23,123676.16,101951.64,0.6199,0.511,21.65,false,0.45
commercial_portfolio_1mw,1 MW commercial portfolio,1,15,0.5,0.06,10,2677500,181893.23,123676.16,101951.64,0.6799,0.5605,21.65,false,0.55
commercial_portfolio_1mw,1 MW commercial portfolio,1,15,0.5,0.04,10,2677500,165055.75,123676.16,101951.64,0.7493,0.6177,21.65,false,0.65
commercial_portfolio_1mw,1 MW commercial portfolio,1,15,0.3,0.08,10,2677500,119707.94,123676.16,101951.64,1.0331,0.8517,21.65,false,0.6
commercial_portfolio_1mw,1 MW commercial portfolio,1,15,0.3,0.06,10,2677500,109135.94,123676.16,101951.64,1.1332,0.9342,21.65,false,0.7
commercial_portfolio_1mw,1 MW commercial portfolio,1,15,0.3,0.04,10,2677500,99033.45,123676.16,101951.64,1.2488,1.0295,21.65,false,0.8
commercial_portfolio_1mw,1 MW commercial portfolio,1,30,0.7,0.08,10,2205000,230027.02,123676.16,101951.64,0.5377,0.4432,17.83,false,0.6
commercial_portfolio_1mw,1 MW commercial portfolio,1,30,0.7,0.06,10,2205000,209712.19,123676.16,101951.64,0.5897,0.4862,17.83,false,0.7
commercial_portfolio_1mw,1 MW commercial portfolio,1,30,0.7,0.04,10,2205000,190299.57,123676.16,101951.64,0.6499,0.5357,17.83,false,0.8
commercial_portfolio_1mw,1 MW commercial portfolio,1,30,0.5,0.08,10,2205000,164305.01,123676.16,101951.64,0.7527,0.6205,17.83,false,0.75
commercial_portfolio_1mw,1 MW commercial portfolio,1,30,0.5,0.06,10,2205000,149794.42,123676.16,101951.64,0.8256,0.6806,17.83,false,0.85
commercial_portfolio_1mw,1 MW commercial portfolio,1,30,0.5,0.04,10,2205000,135928.27,123676.16,101951.64,0.9099,0.75,17.83,false,0.95
commercial_portfolio_1mw,1 MW commercial portfolio,1,30,0.3,0.08,10,2205000,98583.01,123676.16,101951.64,1.2545,1.0342,17.83,false,0.9
commercial_portfolio_1mw,1 MW commercial portfolio,1,30,0.3,0.06,10,2205000,89876.65,123676.16,101951.64,1.3761,1.1344,17.83,false,1
commercial_portfolio_1mw,1 MW commercial portfolio,1,30,0.3,0.04,10,2205000,81556.96,123676.16,101951.64,1.5164,1.2501,17.83,false,1.1
commercial_portfolio_1mw,1 MW commercial portfolio,1,45,0.7,0.08,10,1732500,180735.51,123676.16,101951.64,0.6843,0.5641,14.01,false,0.9
commercial_portfolio_1mw,1 MW commercial portfolio,1,45,0.7,0.06,10,1732500,164773.87,123676.16,101951.64,0.7506,0.6187,14.01,false,1
commercial_portfolio_1mw,1 MW commercial portfolio,1,45,0.7,0.04,10,1732500,149521.09,123676.16,101951.64,0.8271,0.6819,14.01,false,1.1
commercial_portfolio_1mw,1 MW commercial portfolio,1,45,0.5,0.08,10,1732500,129096.79,123676.16,101951.64,0.958,0.7897,14.01,false,1.05
commercial_portfolio_1mw,1 MW commercial portfolio,1,45,0.5,0.06,10,1732500,117695.62,123676.16,101951.64,1.0508,0.8662,14.01,false,1.15
commercial_portfolio_1mw,1 MW commercial portfolio,1,45,0.5,0.04,10,1732500,106800.78,123676.16,101951.64,1.158,0.9546,14.01,false,1.25
commercial_portfolio_1mw,1 MW commercial portfolio,1,45,0.3,0.08,10,1732500,77458.08,123676.16,101951.64,1.5967,1.3162,14.01,true,1.2
commercial_portfolio_1mw,1 MW commercial portfolio,1,45,0.3,0.06,10,1732500,70617.37,123676.16,101951.64,1.7514,1.4437,14.01,true,1.3
commercial_portfolio_1mw,1 MW commercial portfolio,1,45,0.3,0.04,10,1732500,64080.47,123676.16,101951.64,1.93,1.591,14.01,true,1.4
commercial_portfolio_1mw,1 MW commercial portfolio,1,60,0.7,0.08,10,1260000,131444.01,123676.16,101951.64,0.9409,0.7756,10.19,false,1.2
commercial_portfolio_1mw,1 MW commercial portfolio,1,60,0.7,0.06,10,1260000,119835.54,123676.16,101951.64,1.032,0.8508,10.19,false,1.3
commercial_portfolio_1mw,1 MW commercial portfolio,1,60,0.7,0.04,10,1260000,108742.61,123676.16,101951.64,1.1373,0.9376,10.19,false,1.4
commercial_portfolio_1mw,1 MW commercial portfolio,1,60,0.5,0.08,10,1260000,93888.58,123676.16,101951.64,1.3173,1.0859,10.19,true,1.35
commercial_portfolio_1mw,1 MW commercial portfolio,1,60,0.5,0.06,10,1260000,85596.81,123676.16,101951.64,1.4449,1.1911,10.19,true,1.45
commercial_portfolio_1mw,1 MW commercial portfolio,1,60,0.5,0.04,10,1260000,77673.29,123676.16,101951.64,1.5923,1.3126,10.19,true,1.55
commercial_portfolio_1mw,1 MW commercial portfolio,1,60,0.3,0.08,10,1260000,56333.15,123676.16,101951.64,2.1954,1.8098,10.19,true,1.5
commercial_portfolio_1mw,1 MW commercial portfolio,1,60,0.3,0.06,10,1260000,51358.09,123676.16,101951.64,2.4081,1.9851,10.19,true,1.6
commercial_portfolio_1mw,1 MW commercial portfolio,1,60,0.3,0.04,10,1260000,46603.98,123676.16,101951.64,2.6538,2.1876,10.19,true,1.7
commercial_portfolio_1mw,1 MW commercial portfolio,1.5,0,0.7,0.08,10,3150000,328610.02,185514.24,152927.46,0.5645,0.4654,16.98,false,0.5
commercial_portfolio_1mw,1 MW commercial portfolio,1.5,0,0.7,0.06,10,3150000,299588.85,185514.24,152927.46,0.6192,0.5105,16.98,false,0.6
commercial_portfolio_1mw,1 MW commercial portfolio,1.5,0,0.7,0.04,10,3150000,271856.53,185514.24,152927.46,0.6824,0.5625,16.98,false,0.7
commercial_portfolio_1mw,1 MW commercial portfolio,1.5,0,0.5,0.08,10,3150000,234721.44,185514.24,152927.46,0.7904,0.6515,16.98,false,0.65
commercial_portfolio_1mw,1 MW commercial portfolio,1.5,0,0.5,0.06,10,3150000,213992.03,185514.24,152927.46,0.8669,0.7146,16.98,false,0.75
commercial_portfolio_1mw,1 MW commercial portfolio,1.5,0,0.5,0.04,10,3150000,194183.24,185514.24,152927.46,0.9554,0.7875,16.98,false,0.85
commercial_portfolio_1mw,1 MW commercial portfolio,1.5,0,0.3,0.08,10,3150000,140832.87,185514.24,152927.46,1.3173,1.0859,16.98,false,0.8
commercial_portfolio_1mw,1 MW commercial portfolio,1.5,0,0.3,0.06,10,3150000,128395.22,185514.24,152927.46,1.4449,1.1911,16.98,false,0.9
commercial_portfolio_1mw,1 MW commercial portfolio,1.5,0,0.3,0.04,10,3150000,116509.94,185514.24,152927.46,1.5923,1.3126,16.98,false,1
commercial_portfolio_1mw,1 MW commercial portfolio,1.5,15,0.7,0.08,10,2677500,279318.52,185514.24,152927.46,0.6642,0.5475,14.43,false,0.8
commercial_portfolio_1mw,1 MW commercial portfolio,1.5,15,0.7,0.06,10,2677500,254650.52,185514.24,152927.46,0.7285,0.6005,14.43,false,0.9
commercial_portfolio_1mw,1 MW commercial portfolio,1.5,15,0.7,0.04,10,2677500,231078.05,185514.24,152927.46,0.8028,0.6618,14.43,false,1
commercial_portfolio_1mw,1 MW commercial portfolio,1.5,15,0.5,0.08,10,2677500,199513.23,185514.24,152927.46,0.9298,0.7665,14.43,false,0.95
commercial_portfolio_1mw,1 MW commercial portfolio,1.5,15,0.5,0.06,10,2677500,181893.23,185514.24,152927.46,1.0199,0.8408,14.43,false,1.05
commercial_portfolio_1mw,1 MW commercial portfolio,1.5,15,0.5,0.04,10,2677500,165055.75,185514.24,152927.46,1.1239,0.9265,14.43,false,1.15
commercial_portfolio_1mw,1 MW commercial portfolio,1.5,15,0.3,0.08,10,2677500,119707.94,185514.24,152927.46,1.5497,1.2775,14.43,true,1.1
commercial_portfolio_1mw,1 MW commercial portfolio,1.5,15,0.3,0.06,10,2677500,109135.94,185514.24,152927.46,1.6998,1.4013,14.43,true,1.2
commercial_portfolio_1mw,1 MW commercial portfolio,1.5,15,0.3,0.04,10,2677500,99033.45,185514.24,152927.46,1.8732,1.5442,14.43,true,1.3
commercial_portfolio_1mw,1 MW commercial portfolio,1.5,30,0.7,0.08,10,2205000,230027.02,185514.24,152927.46,0.8065,0.6648,11.89,false,1.1
commercial_portfolio_1mw,1 MW commercial portfolio,1.5,30,0.7,0.06,10,2205000,209712.19,185514.24,152927.46,0.8846,0.7292,11.89,false,1.2
commercial_portfolio_1mw,1 MW commercial portfolio,1.5,30,0.7,0.04,10,2205000,190299.57,185514.24,152927.46,0.9749,0.8036,11.89,false,1.3
commercial_portfolio_1mw,1 MW commercial portfolio,1.5,30,0.5,0.08,10,2205000,164305.01,185514.24,152927.46,1.1291,0.9308,11.89,false,1.25
commercial_portfolio_1mw,1 MW commercial portfolio,1.5,30,0.5,0.06,10,2205000,149794.42,185514.24,152927.46,1.2385,1.0209,11.89,true,1.35
commercial_portfolio_1mw,1 MW commercial portfolio,1.5,30,0.5,0.04,10,2205000,135928.27,185514.24,152927.46,1.3648,1.1251,11.89,true,1.45
commercial_portfolio_1mw,1 MW commercial portfolio,1.5,30,0.3,0.08,10,2205000,98583.01,185514.24,152927.46,1.8818,1.5513,11.89,true,1.4
commercial_portfolio_1mw,1 MW commercial portfolio,1.5,30,0.3,0.06,10,2205000,89876.65,185514.24,152927.46,2.0641,1.7015,11.89,true,1.5
commercial_portfolio_1mw,1 MW commercial portfolio,1.5,30,0.3,0.04,10,2205000,81556.96,185514.24,152927.46,2.2747,1.8751,11.89,true,1.6
commercial_portfolio_1mw,1 MW commercial portfolio,1.5,45,0.7,0.08,10,1732500,180735.51,185514.24,152927.46,1.0264,0.8461,9.34,false,1.4
commercial_portfolio_1mw,1 MW commercial portfolio,1.5,45,0.7,0.06,10,1732500,164773.87,185514.24,152927.46,1.1259,0.9281,9.34,false,1.5
commercial_portfolio_1mw,1 MW commercial portfolio,1.5,45,0.7,0.04,10,1732500,149521.09,185514.24,152927.46,1.2407,1.0228,9.34,true,1.6
commercial_portfolio_1mw,1 MW commercial portfolio,1.5,45,0.5,0.08,10,1732500,129096.79,185514.24,152927.46,1.437,1.1846,9.34,true,1.55
commercial_portfolio_1mw,1 MW commercial portfolio,1.5,45,0.5,0.06,10,1732500,117695.62,185514.24,152927.46,1.5762,1.2993,9.34,true,1.65
commercial_portfolio_1mw,1 MW commercial portfolio,1.5,45,0.5,0.04,10,1732500,106800.78,185514.24,152927.46,1.737,1.4319,9.34,true,1.75
commercial_portfolio_1mw,1 MW commercial portfolio,1.5,45,0.3,0.08,10,1732500,77458.08,185514.24,152927.46,2.395,1.9743,9.34,true,1.7
commercial_portfolio_1mw,1 MW commercial portfolio,1.5,45,0.3,0.06,10,1732500,70617.37,185514.24,152927.46,2.627,2.1656,9.34,true,1.8
commercial_portfolio_1mw,1 MW commercial portfolio,1.5,45,0.3,0.04,10,1732500,64080.47,185514.24,152927.46,2.895,2.3865,9.34,true,1.9
commercial_portfolio_1mw,1 MW commercial portfolio,1.5,60,0.7,0.08,10,1260000,131444.01,185514.24,152927.46,1.4114,1.1634,6.79,true,1.7
commercial_portfolio_1mw,1 MW commercial portfolio,1.5,60,0.7,0.06,10,1260000,119835.54,185514.24,152927.46,1.5481,1.2761,6.79,true,1.8
commercial_portfolio_1mw,1 MW commercial portfolio,1.5,60,0.7,0.04,10,1260000,108742.61,185514.24,152927.46,1.706,1.4063,6.79,true,1.9
commercial_portfolio_1mw,1 MW commercial portfolio,1.5,60,0.5,0.08,10,1260000,93888.58,185514.24,152927.46,1.9759,1.6288,6.79,true,1.85
commercial_portfolio_1mw,1 MW commercial portfolio,1.5,60,0.5,0.06,10,1260000,85596.81,185514.24,152927.46,2.1673,1.7866,6.79,true,1.95
commercial_portfolio_1mw,1 MW commercial portfolio,1.5,60,0.5,0.04,10,1260000,77673.29,185514.24,152927.46,2.3884,1.9689,6.79,true,2.05
commercial_portfolio_1mw,1 MW commercial portfolio,1.5,60,0.3,0.08,10,1260000,56333.15,185514.24,152927.46,3.2932,2.7147,6.79,true,2
commercial_portfolio_1mw,1 MW commercial portfolio,1.5,60,0.3,0.06,10,1260000,51358.09,185514.24,152927.46,3.6122,2.9777,6.79,true,2.1
commercial_portfolio_1mw,1 MW commercial portfolio,1.5,60,0.3,0.04,10,1260000,46603.98,185514.24,152927.46,3.9807,3.2814,6.79,true,2.2
commercial_portfolio_1mw,1 MW commercial portfolio,2,0,0.7,0.08,10,3150000,328610.02,247352.32,203903.28,0.7527,0.6205,12.73,false,1
commercial_portfolio_1mw,1 MW commercial portfolio,2,0,0.7,0.06,10,3150000,299588.85,247352.32,203903.28,0.8256,0.6806,12.73,false,1.1
commercial_portfolio_1mw,1 MW commercial portfolio,2,0,0.7,0.04,10,3150000,271856.53,247352.32,203903.28,0.9099,0.75,12.73,false,1.2
commercial_portfolio_1mw,1 MW commercial portfolio,2,0,0.5,0.08,10,3150000,234721.44,247352.32,203903.28,1.0538,0.8687,12.73,false,1.15
commercial_portfolio_1mw,1 MW commercial portfolio,2,0,0.5,0.06,10,3150000,213992.03,247352.32,203903.28,1.1559,0.9529,12.73,false,1.25
commercial_portfolio_1mw,1 MW commercial portfolio,2,0,0.5,0.04,10,3150000,194183.24,247352.32,203903.28,1.2738,1.0501,12.73,true,1.35
commercial_portfolio_1mw,1 MW commercial portfolio,2,0,0.3,0.08,10,3150000,140832.87,247352.32,203903.28,1.7564,1.4478,12.73,true,1.3
commercial_portfolio_1mw,1 MW commercial portfolio,2,0,0.3,0.06,10,3150000,128395.22,247352.32,203903.28,1.9265,1.5881,12.73,true,1.4
commercial_portfolio_1mw,1 MW commercial portfolio,2,0,0.3,0.04,10,3150000,116509.94,247352.32,203903.28,2.123,1.7501,12.73,true,1.5
commercial_portfolio_1mw,1 MW commercial portfolio,2,15,0.7,0.08,10,2677500,279318.52,247352.32,203903.28,0.8856,0.73,10.82,false,1.3
commercial_portfolio_1mw,1 MW commercial portfolio,2,15,0.7,0.06,10,2677500,254650.52,247352.32,203903.28,0.9713,0.8007,10.82,false,1.4
commercial_portfolio_1mw,1 MW commercial portfolio,2,15,0.7,0.04,10,2677500,231078.05,247352.32,203903.28,1.0704,0.8824,10.82,false,1.5
commercial_portfolio_1mw,1 MW commercial portfolio,2,15,0.5,0.08,10,2677500,199513.23,247352.32,203903.28,1.2398,1.022,10.82,true,1.45
commercial_portfolio_1mw,1 MW commercial portfolio,2,15,0.5,0.06,10,2677500,181893.23,247352.32,203903.28,1.3599,1.121,10.82,true,1.55
commercial_portfolio_1mw,1 MW commercial portfolio,2,15,0.5,0.04,10,2677500,165055.75,247352.32,203903.28,1.4986,1.2354,10.82,true,1.65
commercial_portfolio_1mw,1 MW commercial portfolio,2,15,0.3,0.08,10,2677500,119707.94,247352.32,203903.28,2.0663,1.7033,10.82,true,1.6
commercial_portfolio_1mw,1 MW commercial portfolio,2,15,0.3,0.06,10,2677500,109135.94,247352.32,203903.28,2.2665,1.8683,10.82,true,1.7
commercial_portfolio_1mw,1 MW commercial portfolio,2,15,0.3,0.04,10,2677500,99033.45,247352.32,203903.28,2.4977,2.0589,10.82,true,1.8
commercial_portfolio_1mw,1 MW commercial portfolio,2,30,0.7,0.08,10,2205000,230027.02,247352.32,203903.28,1.0753,0.8864,8.91,false,1.6
commercial_portfolio_1mw,1 MW commercial portfolio,2,30,0.7,0.06,10,2205000,209712.19,247352.32,203903.28,1.1795,0.9723,8.91,false,1.7
commercial_portfolio_1mw,1 MW commercial portfolio,2,30,0.7,0.04,10,2205000,190299.57,247352.32,203903.28,1.2998,1.0715,8.91,true,1.8
commercial_portfolio_1mw,1 MW commercial portfolio,2,30,0.5,0.08,10,2205000,164305.01,247352.32,203903.28,1.5054,1.241,8.91,true,1.75
commercial_portfolio_1mw,1 MW commercial portfolio,2,30,0.5,0.06,10,2205000,149794.42,247352.32,203903.28,1.6513,1.3612,8.91,true,1.85
commercial_portfolio_1mw,1 MW commercial portfolio,2,30,0.5,0.04,10,2205000,135928.27,247352.32,203903.28,1.8197,1.5001,8.91,true,1.95
commercial_portfolio_1mw,1 MW commercial portfolio,2,30,0.3,0.08,10,2205000,98583.01,247352.32,203903.28,2.5091,2.0683,8.91,true,1.9
commercial_portfolio_1mw,1 MW commercial portfolio,2,30,0.3,0.06,10,2205000,89876.65,247352.32,203903.28,2.7521,2.2687,8.91,true,2
commercial_portfolio_1mw,1 MW commercial portfolio,2,30,0.3,0.04,10,2205000,81556.96,247352.32,203903.28,3.0329,2.5001,8.91,true,2.1
commercial_portfolio_1mw,1 MW commercial portfolio,2,45,0.7,0.08,10,1732500,180735.51,247352.32,203903.28,1.3686,1.1282,7,true,1.9
commercial_portfolio_1mw,1 MW commercial portfolio,2,45,0.7,0.06,10,1732500,164773.87,247352.32,203903.28,1.5012,1.2375,7,true,2
commercial_portfolio_1mw,1 MW commercial portfolio,2,45,0.7,0.04,10,1732500,149521.09,247352.32,203903.28,1.6543,1.3637,7,true,2.1
commercial_portfolio_1mw,1 MW commercial portfolio,2,45,0.5,0.08,10,1732500,129096.79,247352.32,203903.28,1.916,1.5795,7,true,2.05
commercial_portfolio_1mw,1 MW commercial portfolio,2,45,0.5,0.06,10,1732500,117695.62,247352.32,203903.28,2.1016,1.7325,7,true,2.15
commercial_portfolio_1mw,1 MW commercial portfolio,2,45,0.5,0.04,10,1732500,106800.78,247352.32,203903.28,2.316,1.9092,7,true,2.25
commercial_portfolio_1mw,1 MW commercial portfolio,2,45,0.3,0.08,10,1732500,77458.08,247352.32,203903.28,3.1934,2.6324,7,true,2.2
commercial_portfolio_1mw,1 MW commercial portfolio,2,45,0.3,0.06,10,1732500,70617.37,247352.32,203903.28,3.5027,2.8874,7,true,2.3
commercial_portfolio_1mw,1 MW commercial portfolio,2,45,0.3,0.04,10,1732500,64080.47,247352.32,203903.28,3.86,3.182,7,true,2.4
commercial_portfolio_1mw,1 MW commercial portfolio,2,60,0.7,0.08,10,1260000,131444.01,247352.32,203903.28,1.8818,1.5513,5.09,true,2.2
commercial_portfolio_1mw,1 MW commercial portfolio,2,60,0.7,0.06,10,1260000,119835.54,247352.32,203903.28,2.0641,1.7015,5.09,true,2.3
commercial_portfolio_1mw,1 MW commercial portfolio,2,60,0.7,0.04,10,1260000,108742.61,247352.32,203903.28,2.2747,1.8751,5.09,true,2.4
commercial_portfolio_1mw,1 MW commercial portfolio,2,60,0.5,0.08,10,1260000,93888.58,247352.32,203903.28,2.6345,2.1718,5.09,true,2.35
commercial_portfolio_1mw,1 MW commercial portfolio,2,60,0.5,0.06,10,1260000,85596.81,247352.32,203903.28,2.8897,2.3821,5.09,true,2.45
commercial_portfolio_1mw,1 MW commercial portfolio,2,60,0.5,0.04,10,1260000,77673.29,247352.32,203903.28,3.1845,2.6251,5.09,true,2.55
commercial_portfolio_1mw,1 MW commercial portfolio,2,60,0.3,0.08,10,1260000,56333.15,247352.32,203903.28,4.3909,3.6196,5.09,true,2.5
commercial_portfolio_1mw,1 MW commercial portfolio,2,60,0.3,0.06,10,1260000,51358.09,247352.32,203903.28,4.8162,3.9702,5.09,true,2.6
commercial_portfolio_1mw,1 MW commercial portfolio,2,60,0.3,0.04,10,1260000,46603.98,247352.32,203903.28,5.3075,4.3752,5.09,true,2.7
commercial_portfolio_1mw,1 MW commercial portfolio,2.5,0,0.7,0.08,10,3150000,328610.02,309190.4,254879.11,0.9409,0.7756,10.19,false,1.5
commercial_portfolio_1mw,1 MW commercial portfolio,2.5,0,0.7,0.06,10,3150000,299588.85,309190.4,254879.11,1.032,0.8508,10.19,false,1.6
commercial_portfolio_1mw,1 MW commercial portfolio,2.5,0,0.7,0.04,10,3150000,271856.53,309190.4,254879.11,1.1373,0.9376,10.19,false,1.7
commercial_portfolio_1mw,1 MW commercial portfolio,2.5,0,0.5,0.08,10,3150000,234721.44,309190.4,254879.11,1.3173,1.0859,10.19,true,1.65
commercial_portfolio_1mw,1 MW commercial portfolio,2.5,0,0.5,0.06,10,3150000,213992.03,309190.4,254879.11,1.4449,1.1911,10.19,true,1.75
commercial_portfolio_1mw,1 MW commercial portfolio,2.5,0,0.5,0.04,10,3150000,194183.24,309190.4,254879.11,1.5923,1.3126,10.19,true,1.85
commercial_portfolio_1mw,1 MW commercial portfolio,2.5,0,0.3,0.08,10,3150000,140832.87,309190.4,254879.11,2.1954,1.8098,10.19,true,1.8
commercial_portfolio_1mw,1 MW commercial portfolio,2.5,0,0.3,0.06,10,3150000,128395.22,309190.4,254879.11,2.4081,1.9851,10.19,true,1.9
commercial_portfolio_1mw,1 MW commercial portfolio,2.5,0,0.3,0.04,10,3150000,116509.94,309190.4,254879.11,2.6538,2.1876,10.19,true,2
commercial_portfolio_1mw,1 MW commercial portfolio,2.5,15,0.7,0.08,10,2677500,279318.52,309190.4,254879.11,1.1069,0.9125,8.66,false,1.8
commercial_portfolio_1mw,1 MW commercial portfolio,2.5,15,0.7,0.06,10,2677500,254650.52,309190.4,254879.11,1.2142,1.0009,8.66,true,1.9
commercial_portfolio_1mw,1 MW commercial portfolio,2.5,15,0.7,0.04,10,2677500,231078.05,309190.4,254879.11,1.338,1.103,8.66,true,2
commercial_portfolio_1mw,1 MW commercial portfolio,2.5,15,0.5,0.08,10,2677500,199513.23,309190.4,254879.11,1.5497,1.2775,8.66,true,1.95
commercial_portfolio_1mw,1 MW commercial portfolio,2.5,15,0.5,0.06,10,2677500,181893.23,309190.4,254879.11,1.6998,1.4013,8.66,true,2.05
commercial_portfolio_1mw,1 MW commercial portfolio,2.5,15,0.5,0.04,10,2677500,165055.75,309190.4,254879.11,1.8732,1.5442,8.66,true,2.15
commercial_portfolio_1mw,1 MW commercial portfolio,2.5,15,0.3,0.08,10,2677500,119707.94,309190.4,254879.11,2.5829,2.1292,8.66,true,2.1
commercial_portfolio_1mw,1 MW commercial portfolio,2.5,15,0.3,0.06,10,2677500,109135.94,309190.4,254879.11,2.8331,2.3354,8.66,true,2.2
commercial_portfolio_1mw,1 MW commercial portfolio,2.5,15,0.3,0.04,10,2677500,99033.45,309190.4,254879.11,3.1221,2.5737,8.66,true,2.3
commercial_portfolio_1mw,1 MW commercial portfolio,2.5,30,0.7,0.08,10,2205000,230027.02,309190.4,254879.11,1.3441,1.108,7.13,true,2.1
commercial_portfolio_1mw,1 MW commercial portfolio,2.5,30,0.7,0.06,10,2205000,209712.19,309190.4,254879.11,1.4744,1.2154,7.13,true,2.2
commercial_portfolio_1mw,1 MW commercial portfolio,2.5,30,0.7,0.04,10,2205000,190299.57,309190.4,254879.11,1.6248,1.3394,7.13,true,2.3
commercial_portfolio_1mw,1 MW commercial portfolio,2.5,30,0.5,0.08,10,2205000,164305.01,309190.4,254879.11,1.8818,1.5513,7.13,true,2.25
commercial_portfolio_1mw,1 MW commercial portfolio,2.5,30,0.5,0.06,10,2205000,149794.42,309190.4,254879.11,2.0641,1.7015,7.13,true,2.35
commercial_portfolio_1mw,1 MW commercial portfolio,2.5,30,0.5,0.04,10,2205000,135928.27,309190.4,254879.11,2.2747,1.8751,7.13,true,2.45
commercial_portfolio_1mw,1 MW commercial portfolio,2.5,30,0.3,0.08,10,2205000,98583.01,309190.4,254879.11,3.1363,2.5854,7.13,true,2.4
commercial_portfolio_1mw,1 MW commercial portfolio,2.5,30,0.3,0.06,10,2205000,89876.65,309190.4,254879.11,3.4402,2.8359,7.13,true,2.5
commercial_portfolio_1mw,1 MW commercial portfolio,2.5,30,0.3,0.04,10,2205000,81556.96,309190.4,254879.11,3.7911,3.1252,7.13,true,2.6
commercial_portfolio_1mw,1 MW commercial portfolio,2.5,45,0.7,0.08,10,1732500,180735.51,309190.4,254879.11,1.7107,1.4102,5.6,true,2.4
commercial_portfolio_1mw,1 MW commercial portfolio,2.5,45,0.7,0.06,10,1732500,164773.87,309190.4,254879.11,1.8765,1.5468,5.6,true,2.5
commercial_portfolio_1mw,1 MW commercial portfolio,2.5,45,0.7,0.04,10,1732500,149521.09,309190.4,254879.11,2.0679,1.7046,5.6,true,2.6
commercial_portfolio_1mw,1 MW commercial portfolio,2.5,45,0.5,0.08,10,1732500,129096.79,309190.4,254879.11,2.395,1.9743,5.6,true,2.55
commercial_portfolio_1mw,1 MW commercial portfolio,2.5,45,0.5,0.06,10,1732500,117695.62,309190.4,254879.11,2.627,2.1656,5.6,true,2.65
commercial_portfolio_1mw,1 MW commercial portfolio,2.5,45,0.5,0.04,10,1732500,106800.78,309190.4,254879.11,2.895,2.3865,5.6,true,2.75
commercial_portfolio_1mw,1 MW commercial portfolio,2.5,45,0.3,0.08,10,1732500,77458.08,309190.4,254879.11,3.9917,3.2905,5.6,true,2.7
commercial_portfolio_1mw,1 MW commercial portfolio,2.5,45,0.3,0.06,10,1732500,70617.37,309190.4,254879.11,4.3784,3.6093,5.6,true,2.8
commercial_portfolio_1mw,1 MW commercial portfolio,2.5,45,0.3,0.04,10,1732500,64080.47,309190.4,254879.11,4.825,3.9775,5.6,true,2.9
commercial_portfolio_1mw,1 MW commercial portfolio,2.5,60,0.7,0.08,10,1260000,131444.01,309190.4,254879.11,2.3523,1.9391,4.08,true,2.7
commercial_portfolio_1mw,1 MW commercial portfolio,2.5,60,0.7,0.06,10,1260000,119835.54,309190.4,254879.11,2.5801,2.1269,4.08,true,2.8
commercial_portfolio_1mw,1 MW commercial portfolio,2.5,60,0.7,0.04,10,1260000,108742.61,309190.4,254879.11,2.8433,2.3439,4.08,true,2.9
commercial_portfolio_1mw,1 MW commercial portfolio,2.5,60,0.5,0.08,10,1260000,93888.58,309190.4,254879.11,3.2932,2.7147,4.08,true,2.85
commercial_portfolio_1mw,1 MW commercial portfolio,2.5,60,0.5,0.06,10,1260000,85596.81,309190.4,254879.11,3.6122,2.9777,4.08,true,2.95
commercial_portfolio_1mw,1 MW commercial portfolio,2.5,60,0.5,0.04,10,1260000,77673.29,309190.4,254879.11,3.9807,3.2814,4.08,true,3.05
commercial_portfolio_1mw,1 MW commercial portfolio,2.5,60,0.3,0.08,10,1260000,56333.15,309190.4,254879.11,5.4886,4.5245,4.08,true,3
commercial_portfolio_1mw,1 MW commercial portfolio,2.5,60,0.3,0.06,10,1260000,51358.09,309190.4,254879.11,6.0203,4.9628,4.08,true,3.1
commercial_portfolio_1mw,1 MW commercial portfolio,2.5,60,0.3,0.04,10,1260000,46603.98,309190.4,254879.11,6.6344,5.469,4.08,true,3.2
commercial_portfolio_1mw,1 MW commercial portfolio,3,0,0.7,0.08,10,3150000,328610.02,371028.48,305854.93,1.1291,0.9308,8.49,false,2
commercial_portfolio_1mw,1 MW commercial portfolio,3,0,0.7,0.06,10,3150000,299588.85,371028.48,305854.93,1.2385,1.0209,8.49,true,2.1
commercial_portfolio_1mw,1 MW commercial portfolio,3,0,0.7,0.04,10,3150000,271856.53,371028.48,305854.93,1.3648,1.1251,8.49,true,2.2
commercial_portfolio_1mw,1 MW commercial portfolio,3,0,0.5,0.08,10,3150000,234721.44,371028.48,305854.93,1.5807,1.3031,8.49,true,2.15
commercial_portfolio_1mw,1 MW commercial portfolio,3,0,0.5,0.06,10,3150000,213992.03,371028.48,305854.93,1.7338,1.4293,8.49,true,2.25
commercial_portfolio_1mw,1 MW commercial portfolio,3,0,0.5,0.04,10,3150000,194183.24,371028.48,305854.93,1.9107,1.5751,8.49,true,2.35
commercial_portfolio_1mw,1 MW commercial portfolio,3,0,0.3,0.08,10,3150000,140832.87,371028.48,305854.93,2.6345,2.1718,8.49,true,2.3
commercial_portfolio_1mw,1 MW commercial portfolio,3,0,0.3,0.06,10,3150000,128395.22,371028.48,305854.93,2.8897,2.3821,8.49,true,2.4
commercial_portfolio_1mw,1 MW commercial portfolio,3,0,0.3,0.04,10,3150000,116509.94,371028.48,305854.93,3.1845,2.6251,8.49,true,2.5
commercial_portfolio_1mw,1 MW commercial portfolio,3,15,0.7,0.08,10,2677500,279318.52,371028.48,305854.93,1.3283,1.095,7.22,true,2.3
commercial_portfolio_1mw,1 MW commercial portfolio,3,15,0.7,0.06,10,2677500,254650.52,371028.48,305854.93,1.457,1.2011,7.22,true,2.4
commercial_portfolio_1mw,1 MW commercial portfolio,3,15,0.7,0.04,10,2677500,231078.05,371028.48,305854.93,1.6056,1.3236,7.22,true,2.5
commercial_portfolio_1mw,1 MW commercial portfolio,3,15,0.5,0.08,10,2677500,199513.23,371028.48,305854.93,1.8597,1.533,7.22,true,2.45
commercial_portfolio_1mw,1 MW commercial portfolio,3,15,0.5,0.06,10,2677500,181893.23,371028.48,305854.93,2.0398,1.6815,7.22,true,2.55
commercial_portfolio_1mw,1 MW commercial portfolio,3,15,0.5,0.04,10,2677500,165055.75,371028.48,305854.93,2.2479,1.853,7.22,true,2.65
commercial_portfolio_1mw,1 MW commercial portfolio,3,15,0.3,0.08,10,2677500,119707.94,371028.48,305854.93,3.0994,2.555,7.22,true,2.6
commercial_portfolio_1mw,1 MW commercial portfolio,3,15,0.3,0.06,10,2677500,109135.94,371028.48,305854.93,3.3997,2.8025,7.22,true,2.7
commercial_portfolio_1mw,1 MW commercial portfolio,3,15,0.3,0.04,10,2677500,99033.45,371028.48,305854.93,3.7465,3.0884,7.22,true,2.8
commercial_portfolio_1mw,1 MW commercial portfolio,3,30,0.7,0.08,10,2205000,230027.02,371028.48,305854.93,1.613,1.3296,5.94,true,2.6
commercial_portfolio_1mw,1 MW commercial portfolio,3,30,0.7,0.06,10,2205000,209712.19,371028.48,305854.93,1.7692,1.4585,5.94,true,2.7
commercial_portfolio_1mw,1 MW commercial portfolio,3,30,0.7,0.04,10,2205000,190299.57,371028.48,305854.93,1.9497,1.6072,5.94,true,2.8
commercial_portfolio_1mw,1 MW commercial portfolio,3,30,0.5,0.08,10,2205000,164305.01,371028.48,305854.93,2.2582,1.8615,5.94,true,2.75
commercial_portfolio_1mw,1 MW commercial portfolio,3,30,0.5,0.06,10,2205000,149794.42,371028.48,305854.93,2.4769,2.0418,5.94,true,2.85
commercial_portfolio_1mw,1 MW commercial portfolio,3,30,0.5,0.04,10,2205000,135928.27,371028.48,305854.93,2.7296,2.2501,5.94,true,2.95
commercial_portfolio_1mw,1 MW commercial portfolio,3,30,0.3,0.08,10,2205000,98583.01,371028.48,305854.93,3.7636,3.1025,5.94,true,2.9
commercial_portfolio_1mw,1 MW commercial portfolio,3,30,0.3,0.06,10,2205000,89876.65,371028.48,305854.93,4.1282,3.4031,5.94,true,3
commercial_portfolio_1mw,1 MW commercial portfolio,3,30,0.3,0.04,10,2205000,81556.96,371028.48,305854.93,4.5493,3.7502,5.94,true,3.1
commercial_portfolio_1mw,1 MW commercial portfolio,3,45,0.7,0.08,10,1732500,180735.51,371028.48,305854.93,2.0529,1.6923,4.67,true,2.9
commercial_portfolio_1mw,1 MW commercial portfolio,3,45,0.7,0.06,10,1732500,164773.87,371028.48,305854.93,2.2517,1.8562,4.67,true,3
commercial_portfolio_1mw,1 MW commercial portfolio,3,45,0.7,0.04,10,1732500,149521.09,371028.48,305854.93,2.4814,2.0456,4.67,true,3.1
commercial_portfolio_1mw,1 MW commercial portfolio,3,45,0.5,0.08,10,1732500,129096.79,371028.48,305854.93,2.874,2.3692,4.67,true,3.05
commercial_portfolio_1mw,1 MW commercial portfolio,3,45,0.5,0.06,10,1732500,117695.62,371028.48,305854.93,3.1524,2.5987,4.67,true,3.15
commercial_portfolio_1mw,1 MW commercial portfolio,3,45,0.5,0.04,10,1732500,106800.78,371028.48,305854.93,3.474,2.8638,4.67,true,3.25
commercial_portfolio_1mw,1 MW commercial portfolio,3,45,0.3,0.08,10,1732500,77458.08,371028.48,305854.93,4.7901,3.9487,4.67,true,3.2
commercial_portfolio_1mw,1 MW commercial portfolio,3,45,0.3,0.06,10,1732500,70617.37,371028.48,305854.93,5.2541,4.3312,4.67,true,3.3
commercial_portfolio_1mw,1 MW commercial portfolio,3,45,0.3,0.04,10,1732500,64080.47,371028.48,305854.93,5.79,4.773,4.67,true,3.4
commercial_portfolio_1mw,1 MW commercial portfolio,3,60,0.7,0.08,10,1260000,131444.01,371028.48,305854.93,2.8227,2.3269,3.4,true,3.2
commercial_portfolio_1mw,1 MW commercial portfolio,3,60,0.7,0.06,10,1260000,119835.54,371028.48,305854.93,3.0961,2.5523,3.4,true,3.3
commercial_portfolio_1mw,1 MW commercial portfolio,3,60,0.7,0.04,10,1260000,108742.61,371028.48,305854.93,3.412,2.8127,3.4,true,3.4
commercial_portfolio_1mw,1 MW commercial portfolio,3,60,0.5,0.08,10,1260000,93888.58,371028.48,305854.93,3.9518,3.2576,3.4,true,3.35
commercial_portfolio_1mw,1 MW commercial portfolio,3,60,0.5,0.06,10,1260000,85596.81,371028.48,305854.93,4.3346,3.5732,3.4,true,3.45
commercial_portfolio_1mw,1 MW commercial portfolio,3,60,0.5,0.04,10,1260000,77673.29,371028.48,305854.93,4.7768,3.9377,3.4,true,3.55
commercial_portfolio_1mw,1 MW commercial portfolio,3,60,0.3,0.08,10,1260000,56333.15,371028.48,305854.93,6.5863,5.4294,3.4,true,3.5
commercial_portfolio_1mw,1 MW commercial portfolio,3,60,0.3,0.06,10,1260000,51358.09,371028.48,305854.93,7.2243,5.9553,3.4,true,3.6
commercial_portfolio_1mw,1 MW commercial portfolio,3,60,0.3,0.04,10,1260000,46603.98,371028.48,305854.93,7.9613,6.5629,3.4,true,3.7
commercial_portfolio_1mw,1 MW commercial portfolio,3.5,0,0.7,0.08,10,3150000,328610.02,432866.56,356830.75,1.3173,1.0859,7.28,true,2.5
commercial_portfolio_1mw,1 MW commercial portfolio,3.5,0,0.7,0.06,10,3150000,299588.85,432866.56,356830.75,1.4449,1.1911,7.28,true,2.6
commercial_portfolio_1mw,1 MW commercial portfolio,3.5,0,0.7,0.04,10,3150000,271856.53,432866.56,356830.75,1.5923,1.3126,7.28,true,2.7
commercial_portfolio_1mw,1 MW commercial portfolio,3.5,0,0.5,0.08,10,3150000,234721.44,432866.56,356830.75,1.8442,1.5202,7.28,true,2.65
commercial_portfolio_1mw,1 MW commercial portfolio,3.5,0,0.5,0.06,10,3150000,213992.03,432866.56,356830.75,2.0228,1.6675,7.28,true,2.75
commercial_portfolio_1mw,1 MW commercial portfolio,3.5,0,0.5,0.04,10,3150000,194183.24,432866.56,356830.75,2.2292,1.8376,7.28,true,2.85
commercial_portfolio_1mw,1 MW commercial portfolio,3.5,0,0.3,0.08,10,3150000,140832.87,432866.56,356830.75,3.0736,2.5337,7.28,true,2.8
commercial_portfolio_1mw,1 MW commercial portfolio,3.5,0,0.3,0.06,10,3150000,128395.22,432866.56,356830.75,3.3714,2.7792,7.28,true,2.9
commercial_portfolio_1mw,1 MW commercial portfolio,3.5,0,0.3,0.04,10,3150000,116509.94,432866.56,356830.75,3.7153,3.0627,7.28,true,3
commercial_portfolio_1mw,1 MW commercial portfolio,3.5,15,0.7,0.08,10,2677500,279318.52,432866.56,356830.75,1.5497,1.2775,6.19,true,2.8
commercial_portfolio_1mw,1 MW commercial portfolio,3.5,15,0.7,0.06,10,2677500,254650.52,432866.56,356830.75,1.6998,1.4013,6.19,true,2.9
commercial_portfolio_1mw,1 MW commercial portfolio,3.5,15,0.7,0.04,10,2677500,231078.05,432866.56,356830.75,1.8732,1.5442,6.19,true,3
commercial_portfolio_1mw,1 MW commercial portfolio,3.5,15,0.5,0.08,10,2677500,199513.23,432866.56,356830.75,2.1696,1.7885,6.19,true,2.95
commercial_portfolio_1mw,1 MW commercial portfolio,3.5,15,0.5,0.06,10,2677500,181893.23,432866.56,356830.75,2.3798,1.9618,6.19,true,3.05
commercial_portfolio_1mw,1 MW commercial portfolio,3.5,15,0.5,0.04,10,2677500,165055.75,432866.56,356830.75,2.6225,2.1619,6.19,true,3.15
commercial_portfolio_1mw,1 MW commercial portfolio,3.5,15,0.3,0.08,10,2677500,119707.94,432866.56,356830.75,3.616,2.9808,6.19,true,3.1
commercial_portfolio_1mw,1 MW commercial portfolio,3.5,15,0.3,0.06,10,2677500,109135.94,432866.56,356830.75,3.9663,3.2696,6.19,true,3.2
commercial_portfolio_1mw,1 MW commercial portfolio,3.5,15,0.3,0.04,10,2677500,99033.45,432866.56,356830.75,4.3709,3.6031,6.19,true,3.3
commercial_portfolio_1mw,1 MW commercial portfolio,3.5,30,0.7,0.08,10,2205000,230027.02,432866.56,356830.75,1.8818,1.5513,5.09,true,3.1
commercial_portfolio_1mw,1 MW commercial portfolio,3.5,30,0.7,0.06,10,2205000,209712.19,432866.56,356830.75,2.0641,1.7015,5.09,true,3.2
commercial_portfolio_1mw,1 MW commercial portfolio,3.5,30,0.7,0.04,10,2205000,190299.57,432866.56,356830.75,2.2747,1.8751,5.09,true,3.3
commercial_portfolio_1mw,1 MW commercial portfolio,3.5,30,0.5,0.08,10,2205000,164305.01,432866.56,356830.75,2.6345,2.1718,5.09,true,3.25
commercial_portfolio_1mw,1 MW commercial portfolio,3.5,30,0.5,0.06,10,2205000,149794.42,432866.56,356830.75,2.8897,2.3821,5.09,true,3.35
commercial_portfolio_1mw,1 MW commercial portfolio,3.5,30,0.5,0.04,10,2205000,135928.27,432866.56,356830.75,3.1845,2.6251,5.09,true,3.45
commercial_portfolio_1mw,1 MW commercial portfolio,3.5,30,0.3,0.08,10,2205000,98583.01,432866.56,356830.75,4.3909,3.6196,5.09,true,3.4
commercial_portfolio_1mw,1 MW commercial portfolio,3.5,30,0.3,0.06,10,2205000,89876.65,432866.56,356830.75,4.8162,3.9702,5.09,true,3.5
commercial_portfolio_1mw,1 MW commercial portfolio,3.5,30,0.3,0.04,10,2205000,81556.96,432866.56,356830.75,5.3075,4.3752,5.09,true,3.6
commercial_portfolio_1mw,1 MW commercial portfolio,3.5,45,0.7,0.08,10,1732500,180735.51,432866.56,356830.75,2.395,1.9743,4,true,3.4
commercial_portfolio_1mw,1 MW commercial portfolio,3.5,45,0.7,0.06,10,1732500,164773.87,432866.56,356830.75,2.627,2.1656,4,true,3.5
commercial_portfolio_1mw,1 MW commercial portfolio,3.5,45,0.7,0.04,10,1732500,149521.09,432866.56,356830.75,2.895,2.3865,4,true,3.6
commercial_portfolio_1mw,1 MW commercial portfolio,3.5,45,0.5,0.08,10,1732500,129096.79,432866.56,356830.75,3.353,2.7641,4,true,3.55
commercial_portfolio_1mw,1 MW commercial portfolio,3.5,45,0.5,0.06,10,1732500,117695.62,432866.56,356830.75,3.6778,3.0318,4,true,3.65
commercial_portfolio_1mw,1 MW commercial portfolio,3.5,45,0.5,0.04,10,1732500,106800.78,432866.56,356830.75,4.053,3.3411,4,true,3.75
commercial_portfolio_1mw,1 MW commercial portfolio,3.5,45,0.3,0.08,10,1732500,77458.08,432866.56,356830.75,5.5884,4.6068,4,true,3.7
commercial_portfolio_1mw,1 MW commercial portfolio,3.5,45,0.3,0.06,10,1732500,70617.37,432866.56,356830.75,6.1297,5.053,4,true,3.8
commercial_portfolio_1mw,1 MW commercial portfolio,3.5,45,0.3,0.04,10,1732500,64080.47,432866.56,356830.75,6.755,5.5685,4,true,3.9
commercial_portfolio_1mw,1 MW commercial portfolio,3.5,60,0.7,0.08,10,1260000,131444.01,432866.56,356830.75,3.2932,2.7147,2.91,true,3.7
commercial_portfolio_1mw,1 MW commercial portfolio,3.5,60,0.7,0.06,10,1260000,119835.54,432866.56,356830.75,3.6122,2.9777,2.91,true,3.8
commercial_portfolio_1mw,1 MW commercial portfolio,3.5,60,0.7,0.04,10,1260000,108742.61,432866.56,356830.75,3.9807,3.2814,2.91,true,3.9
commercial_portfolio_1mw,1 MW commercial portfolio,3.5,60,0.5,0.08,10,1260000,93888.58,432866.56,356830.75,4.6104,3.8006,2.91,true,3.85
commercial_portfolio_1mw,1 MW commercial portfolio,3.5,60,0.5,0.06,10,1260000,85596.81,432866.56,356830.75,5.057,4.1687,2.91,true,3.95
commercial_portfolio_1mw,1 MW commercial portfolio,3.5,60,0.5,0.04,10,1260000,77673.29,432866.56,356830.75,5.5729,4.594,2.91,true,4.05
commercial_portfolio_1mw,1 MW commercial portfolio,3.5,60,0.3,0.08,10,1260000,56333.15,432866.56,356830.75,7.684,6.3343,2.91,true,4
commercial_portfolio_1mw,1 MW commercial portfolio,3.5,60,0.3,0.06,10,1260000,51358.09,432866.56,356830.75,8.4284,6.9479,2.91,true,4.1
commercial_portfolio_1mw,1 MW commercial portfolio,3.5,60,0.3,0.04,10,1260000,46603.98,432866.56,356830.75,9.2882,7.6567,2.91,true,4.2
commercial_portfolio_1mw,1 MW commercial portfolio,4,0,0.7,0.08,10,3150000,328610.02,494704.64,407806.57,1.5054,1.241,6.37,true,3
commercial_portfolio_1mw,1 MW commercial portfolio,4,0,0.7,0.06,10,3150000,299588.85,494704.64,407806.57,1.6513,1.3612,6.37,true,3.1
commercial_portfolio_1mw,1 MW commercial portfolio,4,0,0.7,0.04,10,3150000,271856.53,494704.64,407806.57,1.8197,1.5001,6.37,true,3.2
commercial_portfolio_1mw,1 MW commercial portfolio,4,0,0.5,0.08,10,3150000,234721.44,494704.64,407806.57,2.1076,1.7374,6.37,true,3.15
commercial_portfolio_1mw,1 MW commercial portfolio,4,0,0.5,0.06,10,3150000,213992.03,494704.64,407806.57,2.3118,1.9057,6.37,true,3.25
commercial_portfolio_1mw,1 MW commercial portfolio,4,0,0.5,0.04,10,3150000,194183.24,494704.64,407806.57,2.5476,2.1001,6.37,true,3.35
commercial_portfolio_1mw,1 MW commercial portfolio,4,0,0.3,0.08,10,3150000,140832.87,494704.64,407806.57,3.5127,2.8957,6.37,true,3.3
commercial_portfolio_1mw,1 MW commercial portfolio,4,0,0.3,0.06,10,3150000,128395.22,494704.64,407806.57,3.853,3.1762,6.37,true,3.4
commercial_portfolio_1mw,1 MW commercial portfolio,4,0,0.3,0.04,10,3150000,116509.94,494704.64,407806.57,4.246,3.5002,6.37,true,3.5
commercial_portfolio_1mw,1 MW commercial portfolio,4,15,0.7,0.08,10,2677500,279318.52,494704.64,407806.57,1.7711,1.46,5.41,true,3.3
commercial_portfolio_1mw,1 MW commercial portfolio,4,15,0.7,0.06,10,2677500,254650.52,494704.64,407806.57,1.9427,1.6014,5.41,true,3.4
commercial_portfolio_1mw,1 MW commercial portfolio,4,15,0.7,0.04,10,2677500,231078.05,494704.64,407806.57,2.1409,1.7648,5.41,true,3.5
commercial_portfolio_1mw,1 MW commercial portfolio,4,15,0.5,0.08,10,2677500,199513.23,494704.64,407806.57,2.4796,2.044,5.41,true,3.45
commercial_portfolio_1mw,1 MW commercial portfolio,4,15,0.5,0.06,10,2677500,181893.23,494704.64,407806.57,2.7198,2.242,5.41,true,3.55
commercial_portfolio_1mw,1 MW commercial portfolio,4,15,0.5,0.04,10,2677500,165055.75,494704.64,407806.57,2.9972,2.4707,5.41,true,3.65
commercial_portfolio_1mw,1 MW commercial portfolio,4,15,0.3,0.08,10,2677500,119707.94,494704.64,407806.57,4.1326,3.4067,5.41,true,3.6
commercial_portfolio_1mw,1 MW commercial portfolio,4,15,0.3,0.06,10,2677500,109135.94,494704.64,407806.57,4.5329,3.7367,5.41,true,3.7
commercial_portfolio_1mw,1 MW commercial portfolio,4,15,0.3,0.04,10,2677500,99033.45,494704.64,407806.57,4.9953,4.1179,5.41,true,3.8
commercial_portfolio_1mw,1 MW commercial portfolio,4,30,0.7,0.08,10,2205000,230027.02,494704.64,407806.57,2.1506,1.7729,4.46,true,3.6
commercial_portfolio_1mw,1 MW commercial portfolio,4,30,0.7,0.06,10,2205000,209712.19,494704.64,407806.57,2.359,1.9446,4.46,true,3.7
commercial_portfolio_1mw,1 MW commercial portfolio,4,30,0.7,0.04,10,2205000,190299.57,494704.64,407806.57,2.5996,2.143,4.46,true,3.8
commercial_portfolio_1mw,1 MW commercial portfolio,4,30,0.5,0.08,10,2205000,164305.01,494704.64,407806.57,3.0109,2.482,4.46,true,3.75
commercial_portfolio_1mw,1 MW commercial portfolio,4,30,0.5,0.06,10,2205000,149794.42,494704.64,407806.57,3.3026,2.7224,4.46,true,3.85
commercial_portfolio_1mw,1 MW commercial portfolio,4,30,0.5,0.04,10,2205000,135928.27,494704.64,407806.57,3.6395,3.0002,4.46,true,3.95
commercial_portfolio_1mw,1 MW commercial portfolio,4,30,0.3,0.08,10,2205000,98583.01,494704.64,407806.57,5.0182,4.1367,4.46,true,3.9
commercial_portfolio_1mw,1 MW commercial portfolio,4,30,0.3,0.06,10,2205000,89876.65,494704.64,407806.57,5.5043,4.5374,4.46,true,4
commercial_portfolio_1mw,1 MW commercial portfolio,4,30,0.3,0.04,10,2205000,81556.96,494704.64,407806.57,6.0658,5.0003,4.46,true,4.1
commercial_portfolio_1mw,1 MW commercial portfolio,4,45,0.7,0.08,10,1732500,180735.51,494704.64,407806.57,2.7372,2.2564,3.5,true,3.9
commercial_portfolio_1mw,1 MW commercial portfolio,4,45,0.7,0.06,10,1732500,164773.87,494704.64,407806.57,3.0023,2.4749,3.5,true,4
commercial_portfolio_1mw,1 MW commercial portfolio,4,45,0.7,0.04,10,1732500,149521.09,494704.64,407806.57,3.3086,2.7274,3.5,true,4.1
commercial_portfolio_1mw,1 MW commercial portfolio,4,45,0.5,0.08,10,1732500,129096.79,494704.64,407806.57,3.832,3.1589,3.5,true,4.05
commercial_portfolio_1mw,1 MW commercial portfolio,4,45,0.5,0.06,10,1732500,117695.62,494704.64,407806.57,4.2033,3.4649,3.5,true,4.15
commercial_portfolio_1mw,1 MW commercial portfolio,4,45,0.5,0.04,10,1732500,106800.78,494704.64,407806.57,4.632,3.8184,3.5,true,4.25
commercial_portfolio_1mw,1 MW commercial portfolio,4,45,0.3,0.08,10,1732500,77458.08,494704.64,407806.57,6.3867,5.2649,3.5,true,4.2
commercial_portfolio_1mw,1 MW commercial portfolio,4,45,0.3,0.06,10,1732500,70617.37,494704.64,407806.57,7.0054,5.7749,3.5,true,4.3
commercial_portfolio_1mw,1 MW commercial portfolio,4,45,0.3,0.04,10,1732500,64080.47,494704.64,407806.57,7.7201,6.364,3.5,true,4.4
commercial_portfolio_1mw,1 MW commercial portfolio,4,60,0.7,0.08,10,1260000,131444.01,494704.64,407806.57,3.7636,3.1025,2.55,true,4.2
commercial_portfolio_1mw,1 MW commercial portfolio,4,60,0.7,0.06,10,1260000,119835.54,494704.64,407806.57,4.1282,3.4031,2.55,true,4.3
commercial_portfolio_1mw,1 MW commercial portfolio,4,60,0.7,0.04,10,1260000,108742.61,494704.64,407806.57,4.5493,3.7502,2.55,true,4.4
commercial_portfolio_1mw,1 MW commercial portfolio,4,60,0.5,0.08,10,1260000,93888.58,494704.64,407806.57,5.2691,4.3435,2.55,true,4.35
commercial_portfolio_1mw,1 MW commercial portfolio,4,60,0.5,0.06,10,1260000,85596.81,494704.64,407806.57,5.7795,4.7643,2.55,true,4.45
commercial_portfolio_1mw,1 MW commercial portfolio,4,60,0.5,0.04,10,1260000,77673.29,494704.64,407806.57,6.369,5.2503,2.55,true,4.55
commercial_portfolio_1mw,1 MW commercial portfolio,4,60,0.3,0.08,10,1260000,56333.15,494704.64,407806.57,8.7818,7.2392,2.55,true,4.5
commercial_portfolio_1mw,1 MW commercial portfolio,4,60,0.3,0.06,10,1260000,51358.09,494704.64,407806.57,9.6325,7.9405,2.55,true,4.6
commercial_portfolio_1mw,1 MW commercial portfolio,4,60,0.3,0.04,10,1260000,46603.98,494704.64,407806.57,10.6151,8.7505,2.55,true,4.7
commercial_portfolio_1mw,1 MW commercial portfolio,5,0,0.7,0.08,10,3150000,328610.02,618380.8,509758.21,1.8818,1.5513,5.09,true,4
commercial_portfolio_1mw,1 MW commercial portfolio,5,0,0.7,0.06,10,3150000,299588.85,618380.8,509758.21,2.0641,1.7015,5.09,true,4.1
commercial_portfolio_1mw,1 MW commercial portfolio,5,0,0.7,0.04,10,3150000,271856.53,618380.8,509758.21,2.2747,1.8751,5.09,true,4.2
commercial_portfolio_1mw,1 MW commercial portfolio,5,0,0.5,0.08,10,3150000,234721.44,618380.8,509758.21,2.6345,2.1718,5.09,true,4.15
commercial_portfolio_1mw,1 MW commercial portfolio,5,0,0.5,0.06,10,3150000,213992.03,618380.8,509758.21,2.8897,2.3821,5.09,true,4.25
commercial_portfolio_1mw,1 MW commercial portfolio,5,0,0.5,0.04,10,3150000,194183.24,618380.8,509758.21,3.1845,2.6251,5.09,true,4.35
commercial_portfolio_1mw,1 MW commercial portfolio,5,0,0.3,0.08,10,3150000,140832.87,618380.8,509758.21,4.3909,3.6196,5.09,true,4.3
commercial_portfolio_1mw,1 MW commercial portfolio,5,0,0.3,0.06,10,3150000,128395.22,618380.8,509758.21,4.8162,3.9702,5.09,true,4.4
commercial_portfolio_1mw,1 MW commercial portfolio,5,0,0.3,0.04,10,3150000,116509.94,618380.8,509758.21,5.3075,4.3752,5.09,true,4.5
commercial_portfolio_1mw,1 MW commercial portfolio,5,15,0.7,0.08,10,2677500,279318.52,618380.8,509758.21,2.2139,1.825,4.33,true,4.3
commercial_portfolio_1mw,1 MW commercial portfolio,5,15,0.7,0.06,10,2677500,254650.52,618380.8,509758.21,2.4284,2.0018,4.33,true,4.4
commercial_portfolio_1mw,1 MW commercial portfolio,5,15,0.7,0.04,10,2677500,231078.05,618380.8,509758.21,2.6761,2.206,4.33,true,4.5
commercial_portfolio_1mw,1 MW commercial portfolio,5,15,0.5,0.08,10,2677500,199513.23,618380.8,509758.21,3.0994,2.555,4.33,true,4.45
commercial_portfolio_1mw,1 MW commercial portfolio,5,15,0.5,0.06,10,2677500,181893.23,618380.8,509758.21,3.3997,2.8025,4.33,true,4.55
commercial_portfolio_1mw,1 MW commercial portfolio,5,15,0.5,0.04,10,2677500,165055.75,618380.8,509758.21,3.7465,3.0884,4.33,true,4.65
commercial_portfolio_1mw,1 MW commercial portfolio,5,15,0.3,0.08,10,2677500,119707.94,618380.8,509758.21,5.1657,4.2583,4.33,true,4.6
commercial_portfolio_1mw,1 MW commercial portfolio,5,15,0.3,0.06,10,2677500,109135.94,618380.8,509758.21,5.6662,4.6709,4.33,true,4.7
commercial_portfolio_1mw,1 MW commercial portfolio,5,15,0.3,0.04,10,2677500,99033.45,618380.8,509758.21,6.2442,5.1473,4.33,true,4.8
commercial_portfolio_1mw,1 MW commercial portfolio,5,30,0.7,0.08,10,2205000,230027.02,618380.8,509758.21,2.6883,2.2161,3.57,true,4.6
commercial_portfolio_1mw,1 MW commercial portfolio,5,30,0.7,0.06,10,2205000,209712.19,618380.8,509758.21,2.9487,2.4308,3.57,true,4.7
commercial_portfolio_1mw,1 MW commercial portfolio,5,30,0.7,0.04,10,2205000,190299.57,618380.8,509758.21,3.2495,2.6787,3.57,true,4.8
commercial_portfolio_1mw,1 MW commercial portfolio,5,30,0.5,0.08,10,2205000,164305.01,618380.8,509758.21,3.7636,3.1025,3.57,true,4.75
commercial_portfolio_1mw,1 MW commercial portfolio,5,30,0.5,0.06,10,2205000,149794.42,618380.8,509758.21,4.1282,3.4031,3.57,true,4.85
commercial_portfolio_1mw,1 MW commercial portfolio,5,30,0.5,0.04,10,2205000,135928.27,618380.8,509758.21,4.5493,3.7502,3.57,true,4.95
commercial_portfolio_1mw,1 MW commercial portfolio,5,30,0.3,0.08,10,2205000,98583.01,618380.8,509758.21,6.2727,5.1709,3.57,true,4.9
commercial_portfolio_1mw,1 MW commercial portfolio,5,30,0.3,0.06,10,2205000,89876.65,618380.8,509758.21,6.8803,5.6718,3.57,true,5
commercial_portfolio_1mw,1 MW commercial portfolio,5,30,0.3,0.04,10,2205000,81556.96,618380.8,509758.21,7.5822,6.2503,3.57,true,5.1
commercial_portfolio_1mw,1 MW commercial portfolio,5,45,0.7,0.08,10,1732500,180735.51,618380.8,509758.21,3.4215,2.8205,2.8,true,4.9
commercial_portfolio_1mw,1 MW commercial portfolio,5,45,0.7,0.06,10,1732500,164773.87,618380.8,509758.21,3.7529,3.0937,2.8,true,5
commercial_portfolio_1mw,1 MW commercial portfolio,5,45,0.7,0.04,10,1732500,149521.09,618380.8,509758.21,4.1357,3.4093,2.8,true,5.1
commercial_portfolio_1mw,1 MW commercial portfolio,5,45,0.5,0.08,10,1732500,129096.79,618380.8,509758.21,4.7901,3.9487,2.8,true,5.05
commercial_portfolio_1mw,1 MW commercial portfolio,5,45,0.5,0.06,10,1732500,117695.62,618380.8,509758.21,5.2541,4.3312,2.8,true,5.15
commercial_portfolio_1mw,1 MW commercial portfolio,5,45,0.5,0.04,10,1732500,106800.78,618380.8,509758.21,5.79,4.773,2.8,true,5.25
commercial_portfolio_1mw,1 MW commercial portfolio,5,45,0.3,0.08,10,1732500,77458.08,618380.8,509758.21,7.9834,6.5811,2.8,true,5.2
commercial_portfolio_1mw,1 MW commercial portfolio,5,45,0.3,0.06,10,1732500,70617.37,618380.8,509758.21,8.7568,7.2186,2.8,true,5.3
commercial_portfolio_1mw,1 MW commercial portfolio,5,45,0.3,0.04,10,1732500,64080.47,618380.8,509758.21,9.6501,7.955,2.8,true,5.4
commercial_portfolio_1mw,1 MW commercial portfolio,5,60,0.7,0.08,10,1260000,131444.01,618380.8,509758.21,4.7045,3.8781,2.04,true,5.2
commercial_portfolio_1mw,1 MW commercial portfolio,5,60,0.7,0.06,10,1260000,119835.54,618380.8,509758.21,5.1602,4.2538,2.04,true,5.3
commercial_portfolio_1mw,1 MW commercial portfolio,5,60,0.7,0.04,10,1260000,108742.61,618380.8,509758.21,5.6866,4.6878,2.04,true,5.4
commercial_portfolio_1mw,1 MW commercial portfolio,5,60,0.5,0.08,10,1260000,93888.58,618380.8,509758.21,6.5863,5.4294,2.04,true,5.35
commercial_portfolio_1mw,1 MW commercial portfolio,5,60,0.5,0.06,10,1260000,85596.81,618380.8,509758.21,7.2243,5.9553,2.04,true,5.45
commercial_portfolio_1mw,1 MW commercial portfolio,5,60,0.5,0.04,10,1260000,77673.29,618380.8,509758.21,7.9613,6.5629,2.04,true,5.55
commercial_portfolio_1mw,1 MW commercial portfolio,5,60,0.3,0.08,10,1260000,56333.15,618380.8,509758.21,10.9772,9.049,2.04,true,5.5
commercial_portfolio_1mw,1 MW commercial portfolio,5,60,0.3,0.06,10,1260000,51358.09,618380.8,509758.21,12.0406,9.9256,2.04,true,5.6
commercial_portfolio_1mw,1 MW commercial portfolio,5,60,0.3,0.04,10,1260000,46603.98,618380.8,509758.21,13.2688,10.9381,2.04,true,5.7
