Country,GMV_2024_USD_Bn,Platform_Revenue_USD_Bn,Residual_Wedge_USD_Bn,Wedge_to_Revenue
Indonesia,90,6.75,83.25,12.333333333333334
Malaysia,31,2.3249999999999997,28.675,12.333333333333336
Vietnam,36,2.6999999999999997,33.3,12.333333333333334
Philippines,31,2.3249999999999997,28.675,12.333333333333336
Thailand,46,3.4499999999999997,42.55,12.333333333333334
