Pre_ban_N,Post_ban_N,Pre_ban_CEIR_coef,Post_ban_CEIR_coef,Chow_pvalue
898,1044,0.044809975639502536,0.13172010465929979,1.1102230246251565e-16
