Pre_ban_N,Post_ban_N,Pre_ban_CEIR_coef,Post_ban_CEIR_coef,Chow_pvalue
898,1044,-0.2571314296894859,-0.634254529970368,1.1102230246251565e-16
