S0,sigma,VaR99_payoff,Initial_margin_1.5x
0.042,1.42,0.12093801614300753,0.1814070242145113
0.042,1.89,0.1875030388364163,0.2812545582546245
0.042,2.36,0.2473374255363713,0.371006138304557
0.0525,1.42,0.1698463696161079,0.2547695544241619
0.0525,1.89,0.2637932068338033,0.39568981025070493
0.0525,2.36,0.3794649100521899,0.5691973650782849
0.063,1.42,0.1995938438507771,0.29939076577616563
0.063,1.89,0.3284761504255473,0.4927142256383209
0.063,2.36,0.44523381385030825,0.6678507207754624
