Location,S0,sigma,Binomial,MonteCarlo,%Diff
Germany,0.025,0.45,1.1106564273947259e-06,8.92267550045672e-07,-19.663045381309335
Taiwan,0.0525,1.89,0.019172729058128404,0.020254763868540887,5.643613943179085
Saudi Arabia,0.055,1.72,0.019288556582345285,0.01945279172726276,0.8514641529361485
Arizona,0.058,1.65,0.0206820868345239,0.021001643469739435,1.545088935039718
Brazil,0.095,1.98,0.05372598167363752,0.054490889355535525,1.4237202524180836
